"id_song"	"tag"
291118	carefree
291118	catchy
291118	delicate
291118	melodic
291118	rock & roll
291118	romantic
195849	melancholic
195849	remembrance
195849	rock pop
195849	romantic
195849	slow
195849	soft
182678	bizarre
182678	despair
182678	weird
1001320	city
1001320	electronic
1001320	fast
1001320	glamour
1001320	hard rock
1001320	space
1001320	vintage
167675	fast
167675	movement
167675	repetitive
182672	bizarre
182672	melancholic
182672	repetitive
182672	suggestive
182672	weird
687864	agitated
687864	city
687864	club
687864	frantic
687864	hip-hop
687864	night
687864	psychic
687864	rap
687864	repetitive
590654	dance pop
590654	funk rock
590654	glamour
590654	groove
590654	repetitive
590654	sexy
590654	vintage
1001325	brit pop
1001325	melancholic
1001325	new wave
1001325	repetitive
442395	adrenaline
442395	chaotic
442395	fast
442395	hard rock
442395	movement
442395	rock pop
440843	atmosphere
440843	desolation
440843	despair
440843	intimate
440843	rock pop
440843	soft
440843	suggestive
234168	aggressive
234168	chaotic
234168	new wave
234168	powerful
234168	strong
426076	confident
426076	determined
426076	hopeful
426076	rhythm and blues
426076	rock pop
426076	soft pop
426076	soulful
176808	catchy
176808	emotional
176808	love
176808	melodic
176808	remembrance
176808	rock & roll
176808	vintage
58809	ballroom
58809	energy
58809	love
58809	movement
58809	playful
58809	rock & roll
440847	acoustic
440847	folk contemporaneo
440847	gentle
440847	intense
440847	intimate
440847	lonely
440847	melancholic
440847	remembrance
440847	romantic
440847	slow
440847	soft
440847	suggestive
440847	travel
220917	holiday
220917	hopeful
220917	soft
220917	space
220917	travel
25546	anxiety
25546	obsessive
25546	psychedelic
25546	psychic
25546	punk
164633	agitated
164633	brit pop
164633	chaotic
164633	cheerful
164633	confused
164633	new wave
164633	weird
6651	atmosphere
6651	emotional
6651	evocative
6651	love
6651	melancholic
6651	rock pop
6651	romantic
6651	soft
6651	soulful
6651	suggestive
756165	holiday
756165	love
756165	soft
756165	travel
756165	vintage
518107	disco 70
518107	glamour
518107	night
518107	repetitive
518107	sexy
518107	vintage
615564	confident
615564	delicate
615564	gentle
615564	hopeful
615564	love
615564	melodic
615564	rhythm and blues
615564	romantic
615564	slow
615564	smooth
615564	soft
615564	soulful
744765	confused
744765	energy
744765	funk rock
744765	groove
744765	rock pop
78740	disco 70
78740	love
78740	melodic
78740	romantic
78740	slow
78740	soft
405568	anxiety
405568	energy
405568	new wave
405568	obsessive
405568	rock pop
405568	strong
383819	fast
383819	frantic
383819	punk
383819	repetitive
383819	vintage
231266	brit pop
231266	despair
231266	love
231266	new wave
231266	romantic
231266	slow
231266	soft
231266	space
231266	travel
276849	beat
276849	city
276849	mellow
276849	movement
276849	night
276849	rap
276849	repetitive
661211	adrenaline
661211	anxiety
661211	chaotic
661211	fast
661211	frantic
661211	hard rock
661211	psychedelic
661211	psychic
440555	catchy
440555	energy
440555	fast
440555	rock pop
440555	vintage
2544	emotional
2544	glamour
2544	hopeful
2544	melodic
2544	rhythm and blues
2544	romantic
2544	slow
603824	adrenaline
603824	agitated
603824	hard rock
603824	noise
603824	rock pop
16389	emotional
16389	love
16389	melodic
16389	romantic
16389	soft
399620	beat
399620	city
399620	night
399620	rap
399620	repetitive
399624	beat
399624	night
399624	rap
399624	repetitive
63024	hopeful
63024	love
63024	melodic
63024	rock & roll
63024	romantic
63024	slow
63024	soft
451015	beat
451015	dance pop
451015	energy
451015	fast
451015	hip-hop
451015	movement
451015	night
451015	rap
451015	repetitive
253878	confident
253878	delicate
253878	emotional
253878	gentle
253878	love
253878	melancholic
253878	melodic
253878	rhythm and blues
253878	romantic
253878	slow
253878	soft
756231	catchy
756231	energy
756231	fast
756231	light
756231	rock pop
23090	catchy
23090	insistent
23090	melancholic
23090	remembrance
23090	rock pop
23090	romantic
18182	agitated
18182	chaotic
18182	fast
18182	frantic
18182	hard rock
18182	powerful
18182	strong
917045	country rock
917045	folk contemporaneo
917045	lonely
917045	love
917045	melancholic
917045	melodic
917045	romantic
917045	slow
917045	soft
35905	fast
35905	folk contemporaneo
35905	holiday
35905	movement
35905	punk
35905	remembrance
35905	rock pop
35905	vintage
5576	adrenaline
5576	ballroom
5576	catchy
5576	energy
5576	fast
5576	movement
5576	playful
5576	powerful
5576	rock & roll
170139	catchy
170139	countryside
170139	hopeful
170139	melancholic
170139	rhythm and blues
170139	rock pop
170139	soul
712094	evocative
712094	melodic
712094	reggae
712094	repetitive
712094	slow
712094	soft
95837	confused
95837	lazy
95837	repetitive
95837	strong
1069009	atmosphere
1069009	intense
1069009	intimate
1069009	night
1069009	passionate
1069009	rhythm and blues
1069009	soft
1069009	soul
1069009	suggestive
948626	bright
948626	carefree
948626	catchy
948626	hopeful
948626	rock pop
760530	agitated
760530	electronic
760530	fast
760530	repetitive
760530	vintage
1069004	confident
1069004	emotional
1069004	love
1069004	melancholic
1069004	rhythm and blues
1069004	romantic
1069004	slow
1069004	soft
1069004	soul
1069004	soulful
203176	chaotic
203176	obsessive
203176	rock pop
203176	space
222603	brit pop
222603	desolation
222603	lazy
222603	melancholic
222603	new wave
78214	adrenaline
78214	chaotic
78214	confused
78214	hard rock
78214	repetitive
163681	acoustic
163681	confident
163681	insistent
163681	intimate
163681	lonely
163681	melancholic
163681	repetitive
163681	soft
163681	soulful
163681	traditional blues
372365	catchy
372365	confident
372365	hopeful
372365	love
372365	romantic
372365	soft
372365	soft pop
187046	catchy
187046	melancholic
187046	repetitive
187046	rock pop
187046	soft pop
187046	travel
63920	angry
63920	beat
63920	city
63920	club
63920	electronic
63920	hip-hop
63920	rap
63920	repetitive
636087	catchy
636087	dance pop
636087	energy
636087	glamour
636087	movement
636087	playful
636087	rock pop
851168	anxiety
851168	punk
851168	repetitive
215586	adrenaline
215586	anxiety
215586	beat
215586	dance pop
215586	electronic
215586	fast
215586	hip-hop
215586	obsessive
215586	psychic
215586	repetitive
38914	anxiety
38914	obsessive
38914	psychedelic
38914	psychic
38914	repetitive
3465	intense
3465	intimate
3465	passionate
3465	rhythm and blues
3465	soft
3465	soul
953019	ballroom
953019	movement
953019	powerful
953019	rhythm and blues
953019	rock & roll
366618	bizarre
366618	lazy
366618	soft
366618	suggestive
366619	ballroom
366619	movement
366619	powerful
366619	rhythm and blues
366619	rock & roll
366619	soul
366619	vintage
756891	confident
756891	despair
756891	rhythm and blues
756891	romantic
756891	slow
756891	soft
756891	soulful
756891	travel
1071696	chaotic
1071696	energy
1071696	hard rock
1071696	powerful
1071696	travel
5796	catchy
5796	hopeful
5796	rhythm and blues
5796	rock & roll
5796	soft
5796	soul
5796	vintage
8932	carefree
8932	energy
8932	fast
8932	funk
8932	rhythm and blues
8932	soul
8932	travel
1014251	electronic
1014251	energy
1014251	fast
1014251	repetitive
1014251	rock pop
98786	bizarre
98786	catchy
98786	cheerful
98786	electronic
98786	energy
98786	fast
98786	movement
98786	playful
98786	rock & roll
3639	bright
3639	carefree
3639	catchy
3639	exciting
3639	groove
3639	movement
3639	rhythm and blues
3639	rock & roll
3639	travel
157517	agitated
157517	energy
157517	fast
157517	frantic
157517	hard rock
157517	repetitive
12540	carefree
12540	catchy
12540	holiday
12540	hopeful
12540	reggae
12540	summertime
12540	travel
37100	ballroom
37100	energy
37100	enthusiastic
37100	fast
37100	frantic
37100	playful
37100	rock & roll
37100	vintage
744724	beat
744724	catchy
744724	determined
744724	hip-hop
744724	movement
744724	rap
3631	catchy
3631	confident
3631	delicate
3631	exciting
3631	love
3631	melodic
3631	passionate
3631	rhythm and blues
3631	rock & roll
488009	acoustic
488009	confident
488009	delicate
488009	gentle
488009	intimate
488009	lonely
488009	melancholic
488009	melodic
488009	remembrance
488009	romantic
488009	soft
488009	soft pop
488009	suggestive
744810	aggressive
744810	angry
744810	beat
744810	club
744810	r&b
744810	rap
744810	repetitive
7677	dance pop
7677	disco 70
7677	love
7677	melodic
7677	rock pop
7677	romantic
7677	smooth
7677	vintage
1068547	chic
1068547	city
1068547	club
1068547	night
1068547	r&b
1068547	rap
1068547	repetitive
1068547	sexy
1068547	soft
166205	acoustic
166205	bizarre
166205	insistent
166205	lazy
166205	lonely
166205	melancholic
166205	slow
166205	smooth
166205	soft
154455	atmosphere
154455	evocative
154455	folk contemporaneo
154455	lonely
154455	melancholic
154455	suggestive
128437	ballroom
128437	bizarre
128437	bright
128437	catchy
128437	energy
128437	playful
128437	remembrance
128437	rhythm and blues
128437	rock & roll
128437	vintage
815625	carefree
815625	catchy
815625	groove
815625	hopeful
815625	rock pop
121162	dance pop
121162	electronic
121162	glamour
121162	movement
121162	night
121162	repetitive
121162	vintage
71434	ballroom
71434	disco 70
71434	fast
71434	funk
71434	night
71434	vintage
216797	ballroom
216797	bright
216797	carefree
216797	energy
216797	rock & roll
216797	rock blues
216797	vintage
222600	chaotic
222600	lazy
222600	melancholic
222600	mellow
222600	psychedelic
222600	psychic
222600	repetitive
358399	agitated
358399	dance pop
358399	frantic
358399	light
358399	vintage
1044353	angry
1044353	beat
1044353	club
1044353	hip-hop
1044353	night
1044353	rap
1044353	repetitive
98250	confident
98250	love
98250	melancholic
98250	mellow
98250	romantic
98250	slow
98250	soft
227355	brit pop
227355	hard rock
227355	obsessive
227355	powerful
227355	repetitive
227355	rock pop
227352	chaotic
227352	energy
227352	insistent
227352	powerful
227352	rock pop
440830	confident
440830	gentle
440830	hopeful
440830	melancholic
440830	rock pop
440830	soft
440830	soft pop
440830	travel
982085	city
982085	dance pop
982085	glamour
982085	rock pop
982085	space
982085	travel
974429	beat
974429	club
974429	groove
974429	insistent
974429	night
974429	r&b
1067680	aggressive
1067680	agitated
1067680	angry
1067680	anxiety
1067680	insistent
1067680	rap
166202	bizarre
166202	breezy
166202	bright
166202	catchy
166202	country rock
166202	playful
166202	rock pop
357258	angry
357258	beat
357258	hip-hop
357258	rap
357258	repetitive
19139	bright
19139	carefree
19139	catchy
19139	fast
19139	passionate
19139	rhythm and blues
19139	soul
19139	vintage
747547	catchy
747547	country rock
747547	countryside
747547	delicate
747547	mellow
747547	travel
1036891	countryside
1036891	despair
1036891	melancholic
1036891	mellow
1036891	rock blues
1036891	travel
4662	ballroom
4662	carefree
4662	catchy
4662	disco 70
4662	movement
4662	vintage
4663	ballroom
4663	disco 70
4663	glamour
4663	movement
4663	night
222602	brit pop
222602	desolation
222602	melancholic
222602	new wave
222602	repetitive
222602	soft
1021276	ballroom
1021276	breezy
1021276	bright
1021276	carefree
1021276	catchy
1021276	energy
1021276	exciting
1021276	groove
1021276	movement
1021276	playful
1021276	remembrance
1021276	rock & roll
376917	adrenaline
376917	chaotic
376917	hard rock
376917	psychedelic
376917	psychic
115412	catchy
115412	hopeful
115412	rock pop
115412	space
115412	vintage
1002931	adrenaline
1002931	agitated
1002931	energy
1002931	fast
1002931	hard rock
1002931	powerful
64072	beat
64072	carefree
64072	dance pop
64072	holiday
64072	hopeful
64072	movement
64072	vintage
7182	beat
7182	hip-hop
7182	insistent
7182	r&b
7182	rap
7182	repetitive
7182	weird
398782	delicate
398782	holiday
398782	hopeful
398782	love
398782	melancholic
398782	reggae
398782	slow
398782	soft
398782	summertime
398782	travel
2209	adrenaline
2209	aggressive
2209	hard rock
2209	powerful
2209	weird
7187	agitated
7187	beat
7187	dance pop
7187	frantic
7187	hip-hop
7187	insistent
7187	movement
7187	rap
731825	beat
731825	catchy
731825	city
731825	confident
731825	glamour
731825	groove
731825	melancholic
731825	melodic
731825	passionate
731825	r&b
731825	rhythm and blues
731825	romantic
731825	sexy
731825	smooth
731825	soul
731825	suggestive
1000226	agitated
1000226	chaotic
1000226	city
1000226	club
1000226	hip-hop
1000226	movement
1000226	night
1000226	rap
1000226	repetitive
1000226	vintage
5176	desolation
5176	psychedelic
5176	repetitive
5176	space
917028	acoustic
917028	gentle
917028	hopeful
917028	melodic
917028	romantic
917028	slow
917028	smooth
917028	soft
1007455	acoustic
1007455	confident
1007455	delicate
1007455	evocative
1007455	intense
1007455	intimate
1007455	melancholic
1007455	repetitive
1007455	soft
1007455	soulful
216808	ballroom
216808	catchy
216808	energy
216808	fast
216808	rock & roll
12020	lonely
12020	love
12020	melancholic
12020	rock pop
12020	soft
12020	soft pop
216805	ballroom
216805	energy
216805	fast
216805	movement
216805	rock & roll
216805	vintage
216804	ballroom
216804	energy
216804	enthusiastic
216804	fast
216804	movement
216804	rock & roll
160560	bizarre
160560	hard rock
160560	psychedelic
160560	psychic
160560	repetitive
160561	adrenaline
160561	energy
160561	fast
160561	frantic
160561	hard rock
160561	psychedelic
160561	psychic
105943	lonely
105943	melancholic
105943	rock pop
105943	romantic
105943	travel
380632	atmosphere
380632	chic
380632	determined
380632	funk
380632	melancholic
380632	melodic
380632	repetitive
380632	soul
380632	suggestive
473087	beat
473087	city
473087	mellow
473087	night
473087	r&b
473087	sexy
473087	soft
121192	bizarre
121192	dance pop
121192	groove
121192	playful
121192	repetitive
121192	vintage
177963	countryside
177963	energy
177963	fast
177963	rock blues
177963	space
4867	energy
4867	intense
4867	movement
4867	rock blues
4867	sexy
4867	traditional blues
680480	brit pop
680480	confident
680480	melancholic
680480	rock pop
680480	romantic
680480	soft
680480	suggestive
244328	brit pop
244328	club
244328	confident
244328	delicate
244328	glamour
244328	repetitive
244328	rock pop
244328	sexy
244328	soft pop
374928	love
374928	passionate
374928	rock blues
374928	sexy
374928	vintage
435986	energy
435986	hard rock
435986	insistent
435986	melancholic
435986	rock pop
1021412	acoustic
1021412	ballroom
1021412	catchy
1021412	despair
1021412	energy
1021412	enthusiastic
1021412	exciting
1021412	intense
1021412	powerful
1021412	rhythm and blues
1021412	rock & roll
654889	glamour
654889	hopeful
654889	night
654889	rock pop
654889	romantic
654889	soft
654889	vintage
879065	carefree
879065	catchy
879065	energy
879065	fast
879065	holiday
879065	reggae
879065	rock pop
879065	summertime
386921	catchy
386921	dance pop
386921	hopeful
386921	repetitive
386921	rock pop
1037213	funk
1037213	mellow
1037213	movement
1037213	r&b
1037213	remembrance
1037213	vintage
61256	adrenaline
61256	determined
61256	energy
61256	exciting
61256	hard rock
61256	powerful
1037215	beat
1037215	electronic
1037215	funk
1037215	hip-hop
1037215	night
1037215	repetitive
1037216	carefree
1037216	catchy
1037216	fast
1037216	funk
1037216	playful
1037216	reggae
1037216	vintage
232599	carefree
232599	catchy
232599	cheerful
232599	holiday
232599	movement
232599	summertime
8875	despair
8875	determined
8875	love
8875	melodic
8875	rhythm and blues
8875	soul
116010	disco 70
116010	fast
116010	funk
116010	groove
116010	movement
991133	bright
991133	carefree
991133	catchy
991133	cheerful
991133	holiday
991133	rock pop
991132	groove
991132	night
991132	rock pop
991132	suggestive
991132	vintage
991131	intense
991131	intimate
991131	rhythm and blues
991131	romantic
991131	soul
991131	soulful
232597	breezy
232597	carefree
232597	catchy
232597	holiday
232597	movement
232597	summertime
361634	atmosphere
361634	desolation
361634	hard rock
361634	melancholic
361634	smooth
361634	soft
361634	suggestive
12539	bright
12539	carefree
12539	holiday
12539	hopeful
12539	light
12539	reggae
12539	summertime
457414	breezy
457414	carefree
457414	catchy
457414	holiday
457414	rock pop
457414	travel
457417	catchy
457417	country rock
457417	countryside
457417	gentle
457417	rock pop
457417	travel
58814	catchy
58814	melancholic
58814	rock & roll
58814	vintage
58813	desolation
58813	lazy
58813	lonely
58813	melancholic
58813	rock & roll
58812	carefree
58812	catchy
58812	holiday
58812	lonely
58812	rhythm and blues
58812	rock & roll
58812	travel
457413	acoustic
457413	catchy
457413	delicate
457413	evocative
457413	melodic
457413	rock pop
203424	acoustic
203424	carefree
203424	evocative
203424	passionate
203424	rhythm and blues
203424	rock & roll
203424	rock blues
203424	sexy
203424	soul
203424	soulful
5698	ballroom
5698	energy
5698	fast
5698	movement
5698	rock & roll
19145	breezy
19145	carefree
19145	catchy
19145	cheerful
19145	mellow
19145	melodic
19145	rhythm and blues
19145	soul
598864	bizarre
598864	carefree
598864	catchy
598864	cheerful
598864	hopeful
598864	movement
598864	playful
598864	rock pop
19141	breezy
19141	carefree
19141	catchy
19141	energy
19141	enthusiastic
19141	movement
19141	rock & roll
359656	aggressive
359656	hard rock
359656	insistent
359656	new wave
359656	repetitive
359656	rock pop
16660	melodic
16660	movement
16660	repetitive
16660	rock pop
16660	vintage
16661	despair
16661	hopeful
16661	love
16661	rhythm and blues
16661	romantic
16661	soul
16661	vintage
56182	bizarre
56182	bright
56182	carefree
56182	catchy
56182	funk rock
56181	love
56181	melodic
56181	rock pop
56181	romantic
56181	slow
56181	smooth
56181	soft
98379	ballroom
98379	bright
98379	carefree
98379	movement
98379	rock & roll
1067737	angry
1067737	beat
1067737	city
1067737	club
1067737	night
1067737	rap
1067737	repetitive
615988	aggressive
615988	angry
615988	energy
615988	fast
615988	hard rock
615988	powerful
176815	bright
176815	carefree
176815	catchy
176815	movement
176815	rock & roll
743090	confident
743090	countryside
743090	evocative
743090	folk contemporaneo
743090	melancholic
743090	slow
743090	soft
743090	suggestive
743090	travel
176811	bright
176811	carefree
176811	holiday
176811	rock & roll
176811	summertime
176811	travel
1028386	country rock
1028386	countryside
1028386	folk contemporaneo
1028386	lonely
1028386	melancholic
1028386	romantic
1028386	travel
390141	brit pop
390141	energy
390141	fast
390141	holiday
390141	rock pop
390141	travel
663732	agitated
663732	energy
663732	fast
663732	rock pop
663732	travel
6147	acoustic
6147	catchy
6147	countryside
6147	delicate
6147	folk contemporaneo
6147	gentle
6147	hopeful
6147	melancholic
6147	romantic
6147	soft
6146	carefree
6146	catchy
6146	countryside
6146	evocative
6146	folk contemporaneo
6146	holiday
6146	hopeful
6146	travel
58265	agitated
58265	beat
58265	frantic
58265	funk rock
58265	groove
58265	hip-hop
58265	movement
58265	rap
58265	repetitive
5492	desolation
5492	folk contemporaneo
5492	lazy
5492	melancholic
5492	rock pop
5492	travel
5492	vintage
73376	angry
73376	energy
73376	fast
73376	new wave
73376	punk
73376	repetitive
101253	despair
101253	exciting
101253	groove
101253	intense
101253	intimate
101253	mellow
101253	passionate
101253	repetitive
101253	rhythm and blues
101253	rock blues
101253	sexy
101253	soft
101253	soul
101253	soulful
249004	atmosphere
249004	new wave
249004	obsessive
249004	psychedelic
249004	repetitive
25549	agitated
25549	anxiety
25549	fast
25549	obsessive
25549	psychic
25549	punk
155913	confident
155913	folk contemporaneo
155913	intense
155913	lonely
155913	love
155913	melancholic
155913	romantic
155913	slow
155913	smooth
155913	soft
155913	soft pop
1038510	adrenaline
1038510	energy
1038510	holiday
1038510	new wave
1038510	powerful
155914	acoustic
155914	desolation
155914	intense
155914	melancholic
155914	suggestive
101259	catchy
101259	chic
101259	confident
101259	despair
101259	determined
101259	exciting
101259	intense
101259	intimate
101259	melancholic
101259	passionate
101259	remembrance
101259	rhythm and blues
101259	rock & roll
101259	rock blues
101259	romantic
101259	slow
101259	soft
101259	soul
101259	soulful
68318	aggressive
68318	agitated
68318	chaotic
68318	confused
68318	hard rock
68318	noise
68318	obsessive
68318	strong
163235	adrenaline
163235	energy
163235	hard rock
163235	insistent
163235	powerful
163235	rock pop
1022603	electronic
1022603	repetitive
18594	catchy
18594	holiday
18594	movement
18594	passionate
18594	soul
287202	determined
287202	energy
287202	groove
287202	insistent
287202	movement
287202	powerful
287202	rhythm and blues
287202	rock & roll
287202	soul
298405	aggressive
298405	energy
298405	hard rock
298405	powerful
298405	repetitive
603004	confident
603004	emotional
603004	exciting
603004	intimate
603004	love
603004	melodic
603004	rock pop
603004	romantic
603004	slow
603004	soft
63621	aggressive
63621	chaotic
63621	hard rock
63621	powerful
63621	repetitive
376948	adrenaline
376948	brit pop
376948	enthusiastic
376948	fast
376948	powerful
376948	rock pop
253860	acoustic
253860	country rock
253860	countryside
253860	folk contemporaneo
253860	hopeful
253860	melancholic
253860	soft
253860	suggestive
385645	aggressive
385645	agitated
385645	angry
385645	anxiety
385645	chaotic
385645	confused
385645	hard rock
385645	noise
385645	obsessive
385645	psychic
385645	punk
385645	repetitive
18180	lonely
18180	powerful
18180	rock pop
18180	soft
18180	weird
876765	adrenaline
876765	agitated
876765	chaotic
876765	energy
876765	frantic
876765	hard rock
445144	agitated
445144	beat
445144	club
445144	rap
445144	repetitive
283507	carefree
283507	catchy
283507	melodic
283507	rock pop
283507	romantic
283507	vintage
73206	atmosphere
73206	countryside
73206	evocative
73206	folk contemporaneo
73206	gentle
73206	intense
73206	rock pop
73206	soft
73206	suggestive
73206	travel
60048	energy
60048	exciting
60048	intense
60048	rock blues
60048	sexy
60048	traditional blues
90423	despair
90423	groove
90423	intense
90423	intimate
90423	passionate
90423	rhythm and blues
90423	sexy
90423	slow
90423	soft
90423	soul
90423	suggestive
203173	aggressive
203173	agitated
203173	chaotic
203173	hard rock
203173	noise
203173	repetitive
1074329	atmosphere
1074329	evocative
1074329	rock pop
1074329	space
440549	energy
440549	fast
440549	movement
440549	powerful
440549	rock pop
375083	agitated
375083	confused
375083	frantic
375083	punk
375083	rock pop
375083	vintage
490030	beat
490030	chic
490030	hip-hop
490030	night
490030	r&b
490030	slow
490030	weird
399618	beat
399618	city
399618	club
399618	glamour
399618	mellow
399618	night
399618	rap
399618	repetitive
399618	sexy
492270	acoustic
492270	bizarre
492270	carefree
492270	catchy
492270	playful
154799	energy
154799	funk rock
154799	groove
154799	movement
154799	repetitive
154799	rhythm and blues
154799	soul
43905	delicate
43905	emotional
43905	gentle
43905	melancholic
43905	melodic
43905	romantic
43905	soft
73863	carefree
73863	catchy
73863	holiday
73863	hopeful
73863	rock pop
73863	travel
73863	vintage
43907	acoustic
43907	atmosphere
43907	chic
43907	emotional
43907	evocative
43907	gentle
43907	intense
43907	intimate
43907	lonely
43907	love
43907	melancholic
43907	mellow
43907	melodic
43907	passionate
43907	romantic
43907	slow
43907	smooth
43907	soft
43907	soul
43907	soulful
43907	suggestive
753338	anxiety
753338	atmosphere
753338	obsessive
78592	catchy
78592	rhythm and blues
78592	suggestive
78592	traditional blues
81593	atmosphere
81593	desolation
81593	psychedelic
81593	psychic
81593	suggestive
72219	aggressive
72219	agitated
72219	chaotic
72219	fast
72219	hard rock
72219	powerful
9121	agitated
9121	catchy
9121	fast
9121	hard rock
9121	punk
9121	vintage
388148	beat
388148	evocative
388148	new wave
388148	reggae
388148	weird
1068470	agitated
1068470	chaotic
1068470	energy
1068470	fast
1068470	frantic
1068470	hard rock
386441	atmosphere
386441	confident
386441	countryside
386441	delicate
386441	emotional
386441	love
386441	melancholic
386441	melodic
386441	romantic
386441	slow
386441	soft
386441	space
386441	travel
76917	aggressive
76917	agitated
76917	confused
76917	hard rock
76917	noise
76917	powerful
731865	beat
731865	emotional
731865	glamour
731865	intimate
731865	r&b
731865	rock & roll
731865	rock pop
731865	soul
731865	suggestive
731864	chic
731864	intimate
731864	love
731864	melancholic
731864	melodic
731864	night
731864	rhythm and blues
731864	romantic
731864	slow
731864	soul
683689	exciting
683689	groove
683689	intense
683689	movement
683689	passionate
683689	sexy
683689	soulful
683689	traditional blues
211301	aggressive
211301	agitated
211301	chaotic
211301	hard rock
211301	powerful
1076315	aggressive
1076315	agitated
1076315	energy
1076315	fast
1076315	frantic
1076315	hard rock
1076315	repetitive
23088	intimate
23088	mellow
23088	melodic
23088	rock pop
23088	slow
23088	soft
401521	aggressive
401521	agitated
401521	chaotic
401521	confused
401521	hard rock
401521	noise
401521	powerful
401526	aggressive
401526	angry
401526	chaotic
401526	confused
401526	frantic
401526	hard rock
401526	noise
23086	catchy
23086	melancholic
23086	melodic
23086	rock pop
23086	vintage
242999	chaotic
242999	confused
242999	hard rock
242999	noise
242999	repetitive
184267	acoustic
184267	atmosphere
184267	countryside
184267	delicate
184267	desolation
184267	folk contemporaneo
184267	melancholic
184267	romantic
184267	soft
184267	travel
60516	catchy
60516	dance pop
60516	electronic
60516	groove
60516	movement
60516	repetitive
753336	acoustic
753336	anxiety
753336	atmosphere
753336	intense
753336	suggestive
706053	adrenaline
706053	energy
706053	fast
706053	hard rock
706053	punk
706053	weird
248124	country rock
248124	countryside
248124	energy
248124	folk contemporaneo
248124	repetitive
248124	travel
706054	adrenaline
706054	chaotic
706054	fast
706054	hard rock
706054	repetitive
706055	chaotic
706055	confused
706055	fast
706055	hard rock
706055	noise
706055	powerful
69189	holiday
69189	melancholic
69189	rock pop
69189	soft
69189	space
69189	travel
667357	confident
667357	delicate
667357	emotional
667357	love
667357	melodic
667357	rock pop
667357	romantic
667357	soft
1061326	acoustic
1061326	countryside
1061326	intimate
1061326	lazy
1061326	melancholic
1061326	soft
34585	ballroom
34585	catchy
34585	energy
34585	fast
34585	holiday
34585	love
34585	movement
34585	playful
34585	rock & roll
69186	carefree
69186	catchy
69186	folk contemporaneo
69186	holiday
69186	rock pop
69186	summertime
69186	travel
389508	chaotic
389508	despair
389508	hard rock
389508	obsessive
389508	psychedelic
389508	psychic
389508	repetitive
58100	chaotic
58100	insistent
58100	psychedelic
58100	psychic
58100	rock pop
58100	weird
20124	catchy
20124	city
20124	disco 70
20124	funk rock
20124	groove
20124	night
20124	rock pop
20124	soft
20124	soul
20124	vintage
42806	confident
42806	delicate
42806	emotional
42806	love
42806	melancholic
42806	melodic
42806	romantic
42806	slow
42805	catchy
42805	energy
42805	groove
42805	movement
42804	confident
42804	emotional
42804	gentle
42804	love
42804	melancholic
42804	melodic
42804	romantic
42804	soft
42804	soft pop
42803	carefree
42803	electronic
42803	holiday
42803	light
42803	rock pop
58104	despair
58104	lonely
58104	melancholic
58104	rock pop
58104	soft
42801	catchy
42801	rock pop
42801	romantic
42801	sexy
42801	soft
42801	soft pop
74618	desolation
74618	electronic
74618	new wave
74618	repetitive
74618	rock pop
122075	catchy
122075	exciting
122075	melodic
122075	rock pop
122075	romantic
234140	chic
234140	glamour
234140	melodic
234140	romantic
234140	slow
234140	soft
234140	suggestive
107797	emotional
107797	melodic
107797	rhythm and blues
107797	romantic
107797	soft
107797	soul
122070	bright
122070	fast
122070	repetitive
122070	rock pop
122070	soul
122070	vintage
122072	beat
122072	delicate
122072	glamour
122072	melodic
122072	rock pop
122072	soul
122072	space
122072	vintage
799966	carefree
799966	catchy
799966	movement
799966	rhythm and blues
799966	soul
799966	vintage
23728	emotional
23728	love
23728	melancholic
23728	melodic
23728	rock pop
23728	romantic
23728	soft
17053	catchy
17053	hopeful
17053	love
17053	rock pop
17053	romantic
17053	soft
17053	soft pop
17051	acoustic
17051	carefree
17051	gentle
17051	intimate
17051	melodic
17051	romantic
17051	soft
23723	confident
23723	despair
23723	emotional
23723	love
23723	melodic
23723	rhythm and blues
23723	romantic
23723	slow
23723	soft
673468	chaotic
673468	confused
673468	melancholic
673468	new wave
673468	repetitive
673468	rock pop
381685	hard rock
381685	insistent
381685	obsessive
381685	repetitive
381685	vintage
23727	emotional
23727	love
23727	melodic
23727	rock pop
23727	romantic
23727	smooth
23727	soft
23727	soul
539004	atmosphere
539004	emotional
539004	evocative
539004	intense
539004	suggestive
23725	catchy
23725	fast
23725	holiday
23725	melancholic
23725	rhythm and blues
23725	rock pop
23725	travel
23724	emotional
23724	melodic
23724	romantic
23724	soft
23724	soft pop
23724	vintage
176824	breezy
176824	carefree
176824	catchy
176824	rock & roll
176824	romantic
6138	acoustic
6138	atmosphere
6138	confident
6138	delicate
6138	gentle
6138	lonely
6138	love
6138	melancholic
6138	melodic
6138	romantic
6138	slow
6138	soft
6138	soft pop
27039	energy
27039	groove
27039	hard rock
27039	lazy
27039	powerful
27039	repetitive
155668	confident
155668	country rock
155668	countryside
155668	rock pop
155668	romantic
155668	soft
155668	travel
680474	fast
680474	melancholic
680474	rock pop
680474	travel
680474	weird
680479	brit pop
680479	catchy
680479	hopeful
680479	melodic
680479	rock pop
680479	space
1017305	catchy
1017305	chic
1017305	movement
413725	anxiety
413725	electronic
413725	psychic
413725	repetitive
413725	rock pop
676491	chic
676491	confident
676491	despair
676491	emotional
676491	exciting
676491	intense
676491	intimate
676491	love
676491	melancholic
676491	passionate
676491	rhythm and blues
676491	romantic
676491	slow
676491	smooth
676491	soft
676491	soul
676491	soulful
676491	suggestive
1007446	catchy
1007446	confident
1007446	melancholic
1007446	melodic
1007446	rock pop
1007446	romantic
1007446	soft
1007446	soft pop
61491	catchy
61491	confident
61491	hopeful
61491	intimate
61491	love
61491	passionate
61491	rhythm and blues
61491	romantic
61491	soft
61491	soul
380743	ballroom
380743	disco 70
380743	electronic
380743	glamour
380743	movement
380743	night
380743	vintage
3225	catchy
3225	love
3225	remembrance
3225	rhythm and blues
3225	romantic
3225	soul
2020	catchy
2020	desolation
2020	love
2020	melancholic
2020	rock pop
2020	romantic
2020	soft
1067403	catchy
1067403	emotional
1067403	remembrance
1067403	rock & roll
1067403	romantic
1067403	slow
1067403	soft
1067403	vintage
676285	catchy
676285	enthusiastic
676285	exciting
676285	love
676285	melodic
676285	remembrance
676285	rhythm and blues
676285	soul
676284	chic
676284	exciting
676284	passionate
676284	rhythm and blues
676284	romantic
676284	sexy
676284	slow
676284	soft
676284	soul
187053	angry
187053	anxiety
187053	atmosphere
187053	hard rock
187053	insistent
187053	powerful
187053	psychic
187053	repetitive
187053	suggestive
167470	despair
167470	melancholic
167470	rock blues
167470	romantic
167470	soft
42807	atmosphere
42807	emotional
42807	love
42807	melancholic
42807	rock pop
10274	chaotic
10274	energy
10274	groove
10274	hard rock
10274	powerful
19087	electronic
19087	rock pop
19087	vintage
19087	weird
14654	bizarre
14654	catchy
14654	insistent
14654	movement
14654	rock & roll
14654	vintage
19085	electronic
19085	holiday
19085	insistent
19085	movement
19085	repetitive
19085	vintage
10270	chaotic
10270	frantic
10270	repetitive
10270	rock & roll
10270	rock pop
10270	vintage
14659	country rock
14659	countryside
14659	gentle
14659	melancholic
14659	romantic
14659	slow
14659	soft
363600	acoustic
363600	countryside
363600	desolation
363600	lonely
363600	melancholic
386932	delicate
386932	intimate
386932	mellow
386932	melodic
386932	rock pop
386932	romantic
386932	slow
386932	soft
386932	soulful
879026	agitated
879026	energy
879026	fast
879026	frantic
879026	repetitive
879026	rock pop
155815	catchy
155815	confident
155815	exciting
155815	hopeful
155815	passionate
155815	rock & roll
155815	romantic
155815	sexy
155815	smooth
155815	soft
1014169	carefree
1014169	catchy
1014169	energy
1014169	holiday
1014169	rock & roll
1014169	rock pop
1014169	travel
1014169	vintage
4767	carefree
4767	catchy
4767	energy
4767	fast
4767	movement
4767	rock pop
4767	travel
231265	anxiety
231265	brit pop
231265	melancholic
231265	new wave
231265	psychic
231265	repetitive
231265	space
189136	catchy
189136	exciting
189136	mellow
189136	rock blues
189136	sexy
189136	suggestive
189136	traditional blues
189136	travel
426073	confident
426073	country rock
426073	countryside
426073	folk contemporaneo
426073	intimate
426073	love
426073	melancholic
426073	rhythm and blues
426073	soft
645786	catchy
645786	energy
645786	movement
645786	rhythm and blues
645786	vintage
189132	acoustic
189132	country rock
189132	countryside
189132	exciting
189132	folk contemporaneo
189132	lazy
189132	melodic
189132	sexy
189132	smooth
9056	light
9056	melodic
9056	romantic
9056	slow
9056	soft
9056	soft pop
9056	vintage
1060052	energy
1060052	insistent
1060052	powerful
1060052	rock blues
1060052	sexy
711368	energy
711368	funk rock
711368	glamour
711368	powerful
711368	repetitive
711368	rhythm and blues
638305	energy
638305	fast
638305	hard rock
638305	obsessive
638305	psychedelic
638305	psychic
638305	repetitive
1066870	chaotic
1066870	energy
1066870	hard rock
1066870	powerful
1066870	rock pop
1066870	strong
701558	beat
701558	city
701558	club
701558	hip-hop
701558	night
701558	r&b
701558	rap
701558	sexy
736808	agitated
736808	chaotic
736808	confused
736808	fast
736808	noise
736808	obsessive
736808	psychic
736808	punk
736808	repetitive
68392	carefree
68392	catchy
68392	melodic
68392	movement
68392	rhythm and blues
287196	chic
287196	confident
287196	despair
287196	intense
287196	love
287196	melancholic
287196	passionate
287196	remembrance
287196	rhythm and blues
287196	romantic
287196	slow
287196	soft
287196	soul
287196	soulful
113326	insistent
113326	movement
113326	psychedelic
113326	psychic
113326	rock pop
113326	weird
636184	agitated
636184	catchy
636184	determined
636184	powerful
636184	rock pop
87496	adrenaline
87496	energy
87496	groove
87496	powerful
87496	rock blues
743078	confident
743078	country rock
743078	countryside
743078	folk contemporaneo
743078	lonely
743078	melancholic
743078	movement
87494	love
87494	melancholic
87494	rock pop
87494	romantic
87494	soft
87494	vintage
122897	energy
122897	fast
122897	melodic
122897	rock & roll
122897	romantic
122897	slow
18525	ballroom
18525	catchy
18525	exciting
18525	movement
18525	remembrance
18525	rock & roll
87498	night
87498	repetitive
87498	rock pop
122076	catchy
122076	gentle
122076	light
122076	love
122076	melancholic
122076	rhythm and blues
18521	catchy
18521	country rock
18521	countryside
18521	desolation
18521	love
18521	melodic
18521	rock & roll
18521	romantic
18521	slow
18521	smooth
18521	soft
122891	bizarre
122891	countryside
122891	hopeful
122891	melancholic
122891	rock blues
604404	agitated
604404	dance pop
604404	energy
604404	fast
604404	repetitive
98385	acoustic
98385	ballroom
98385	catchy
98385	hopeful
98385	love
98385	movement
98385	rock & roll
98385	vintage
44441	despair
44441	hard rock
44441	powerful
44441	psychedelic
44441	soft
44441	soulful
98382	ballroom
98382	fast
98382	movement
98382	rock & roll
176820	hopeful
176820	love
176820	melodic
176820	rock & roll
176820	romantic
176820	space
176820	summertime
98380	ballroom
98380	carefree
98380	catchy
98380	enthusiastic
98380	movement
98380	rhythm and blues
98380	rock & roll
64656	catchy
64656	country rock
64656	countryside
64656	energy
64656	fast
64656	powerful
64656	rock pop
64656	vintage
516266	bright
516266	cheerful
516266	delicate
516266	gentle
516266	hopeful
516266	light
516266	playful
516266	rock pop
251441	aggressive
251441	chaotic
251441	confused
251441	hard rock
251441	lonely
251441	new wave
251441	noise
251441	obsessive
251441	psychic
664846	angry
664846	beat
664846	hip-hop
664846	obsessive
664846	psychic
664846	rap
664846	repetitive
98389	catchy
98389	cheerful
98389	movement
98389	rock & roll
98389	smooth
98389	soul
108686	catchy
108686	love
108686	rock pop
108686	romantic
108686	slow
108686	soft
26185	energy
26185	groove
26185	powerful
26185	rhythm and blues
26185	rock blues
26185	traditional blues
1006046	agitated
1006046	confused
1006046	new wave
1006046	noise
1006046	psychic
1006046	punk
1065951	ballroom
1065951	carefree
1065951	catchy
1065951	cheerful
1065951	energy
1065951	enthusiastic
1065951	fast
1065951	holiday
1065951	movement
1065951	rock & roll
1065951	summertime
289288	energy
289288	fast
289288	movement
289288	punk
289288	rock pop
289288	vintage
193978	aggressive
193978	hard rock
193978	noise
193978	obsessive
193978	powerful
70909	melancholic
70909	mellow
70909	romantic
70909	soft
70909	space
70909	summertime
744808	beat
744808	city
744808	electronic
744808	frantic
744808	rap
744808	repetitive
154822	catchy
154822	countryside
154822	movement
154822	rhythm and blues
154822	soul
154822	soulful
154822	traditional blues
154822	travel
87118	country rock
87118	countryside
87118	exciting
87118	funk rock
87118	groove
87118	powerful
87118	rhythm and blues
87118	rock & roll
87118	rock blues
87118	travel
11798	catchy
11798	love
11798	melodic
11798	romantic
11798	slow
11798	soft
3472	agitated
3472	ballroom
3472	movement
3472	rock blues
3472	rock pop
616486	aggressive
616486	agitated
616486	angry
616486	chaotic
616486	hard rock
616486	noise
616486	repetitive
9054	catchy
9054	emotional
9054	love
9054	melodic
9054	rock pop
9054	romantic
9054	slow
9054	soft
87116	country rock
87116	countryside
87116	exciting
87116	folk contemporaneo
87116	soft
87116	travel
33687	confused
33687	emotional
33687	love
33687	melancholic
33687	melodic
33687	rhythm and blues
33687	rock & roll
33687	romantic
33687	slow
33687	soft
655745	confident
655745	emotional
655745	love
655745	melancholic
655745	melodic
655745	rhythm and blues
655745	rock & roll
655745	romantic
655745	slow
655745	soft
655745	soulful
1071637	acoustic
1071637	country rock
1071637	countryside
1071637	gentle
1071637	hopeful
1071637	melancholic
1071637	romantic
358387	fast
358387	light
358387	rock pop
358387	travel
358387	vintage
683929	adrenaline
683929	fast
683929	funk rock
683929	movement
683929	rhythm and blues
683929	soul
358389	new wave
358389	repetitive
358389	rock pop
358389	vintage
358388	light
358388	vintage
1033933	aggressive
1033933	agitated
1033933	energy
1033933	fast
1033933	frantic
1033933	hard rock
5493	folk contemporaneo
5493	remembrance
5493	rock pop
5493	travel
5493	vintage
5493	weird
26186	catchy
26186	glamour
26186	light
26186	rock blues
26186	rock pop
5173	adrenaline
5173	angry
5173	hard rock
5173	psychedelic
5173	weird
98248	despair
98248	hopeful
98248	love
98248	melodic
98248	rhythm and blues
98248	slow
98248	soft
60053	energy
60053	fast
60053	intense
60053	movement
60053	rock & roll
60053	rock blues
60054	ballroom
60054	breezy
60054	carefree
60054	holiday
60054	light
60054	summertime
60055	confident
60055	love
60055	melancholic
60055	melodic
60055	remembrance
60055	rock & roll
60055	romantic
60055	soft
60055	vintage
802987	acoustic
802987	atmosphere
802987	evocative
802987	melancholic
5172	agitated
5172	hard rock
5172	psychedelic
5172	psychic
5172	repetitive
5172	vintage
71368	atmosphere
71368	emotional
71368	evocative
71368	rock pop
71368	slow
71368	soft
381083	psychic
381083	repetitive
381083	rock pop
381083	weird
751405	bizarre
751405	obsessive
751405	repetitive
751405	rock & roll
751405	soul
751405	suggestive
67278	catchy
67278	hopeful
67278	light
67278	rock pop
67278	vintage
799913	despair
799913	energy
799913	hopeful
799913	passionate
799913	rhythm and blues
799913	soul
447385	adrenaline
447385	aggressive
447385	energy
447385	fast
447385	hard rock
447385	powerful
447385	rock pop
545226	beat
545226	city
545226	club
545226	hip-hop
545226	night
545226	rap
545226	repetitive
545226	sexy
13361	chaotic
13361	confused
13361	hard rock
13361	noise
13361	repetitive
231572	catchy
231572	countryside
231572	folk contemporaneo
231572	melodic
231572	rock blues
231572	travel
74291	anxiety
74291	desolation
74291	new wave
74291	obsessive
74291	psychedelic
74291	psychic
74291	repetitive
676252	catchy
676252	despair
676252	passionate
676252	rhythm and blues
676252	soft
676252	soul
676253	despair
676253	emotional
676253	exciting
676253	intense
676253	love
676253	passionate
676253	rhythm and blues
676253	soul
3128	catchy
3128	country rock
3128	countryside
3128	enthusiastic
3128	fast
3128	folk contemporaneo
3128	gentle
3128	holiday
3128	hopeful
3128	melancholic
3128	melodic
3128	rock pop
3128	travel
288883	aggressive
288883	energy
288883	fast
288883	punk
288883	repetitive
288883	rock pop
755993	carefree
755993	catchy
755993	holiday
755993	melodic
755993	movement
755993	rhythm and blues
755993	rock pop
901586	adrenaline
901586	carefree
901586	catchy
901586	determined
901586	energy
901586	fast
901586	holiday
901586	hopeful
901586	intense
901586	rhythm and blues
901586	rock & roll
901586	rock pop
901586	strong
901586	travel
755991	bright
755991	carefree
755991	catchy
755991	movement
755991	rhythm and blues
358632	bright
358632	catchy
358632	countryside
358632	folk contemporaneo
358632	melancholic
358632	rock blues
358632	travel
518570	atmosphere
518570	electronic
518570	lazy
518570	psychedelic
518570	psychic
518570	slow
518570	soft
58532	aggressive
58532	angry
58532	chaotic
58532	confused
58532	hard rock
58532	noise
58532	obsessive
58532	powerful
26179	confident
26179	rock blues
26179	romantic
26179	slow
26179	soft
26179	suggestive
545224	beat
545224	hip-hop
545224	melancholic
545224	night
545224	r&b
545224	rap
545224	repetitive
34309	adrenaline
34309	confused
34309	hard rock
34309	psychedelic
34309	psychic
34309	suggestive
101268	confident
101268	despair
101268	determined
101268	exciting
101268	insistent
101268	intense
101268	intimate
101268	love
101268	melancholic
101268	night
101268	rhythm and blues
101268	rock & roll
101268	rock blues
101268	sexy
101268	slow
101268	smooth
101268	soft
101268	soul
101268	soulful
115409	atmosphere
115409	desolation
115409	melancholic
115409	rock pop
34463	ballroom
34463	energy
34463	fast
34463	movement
34463	rock & roll
126252	despair
126252	determined
126252	love
126252	rhythm and blues
126252	romantic
126252	soul
362901	beat
362901	city
362901	melancholic
362901	night
362901	rap
362901	soft
760545	exciting
760545	intense
760545	mellow
760545	r&b
760545	rhythm and blues
760545	soft
760545	soul
368921	hip-hop
368921	psychic
368921	rap
368921	repetitive
5800	carefree
5800	catchy
5800	rock & roll
5800	romantic
5800	summertime
1071770	lazy
1071770	new wave
1071770	punk
1071770	repetitive
1071770	rock pop
1071770	vintage
8963	energy
8963	fast
8963	groove
8963	movement
30903	breezy
30903	catchy
30903	holiday
30903	movement
30903	reggae
30903	summertime
30903	travel
473090	mellow
473090	night
473090	r&b
473090	sexy
473090	slow
473090	smooth
473090	soft
917027	movement
917027	powerful
917027	rock pop
917027	space
917027	vintage
12821	acoustic
12821	atmosphere
12821	confident
12821	desolation
12821	evocative
12821	folk contemporaneo
12821	intimate
12821	lonely
12821	melancholic
12821	remembrance
12821	romantic
12821	slow
12821	smooth
12821	soft
12821	travel
216874	confident
216874	passionate
216874	remembrance
216874	rock & roll
216874	romantic
216874	soft
216874	soul
216874	vintage
473098	emotional
473098	love
473098	melodic
473098	r&b
473098	romantic
473098	soft
473098	soft pop
155021	catchy
155021	countryside
155021	folk contemporaneo
155021	lonely
155021	melancholic
155021	rock blues
155021	soft
155021	travel
248115	country rock
248115	countryside
248115	determined
248115	energy
248115	travel
7087	electronic
7087	evocative
7087	movement
7087	powerful
7087	rock pop
7087	space
249827	aggressive
249827	angry
249827	anxiety
249827	beat
249827	hip-hop
249827	obsessive
249827	rap
249827	repetitive
380938	agitated
380938	chaotic
380938	confused
380938	frantic
380938	hard rock
380938	powerful
249829	agitated
249829	beat
249829	city
249829	club
249829	night
249829	rap
249828	angry
249828	beat
249828	club
249828	hip-hop
249828	obsessive
249828	rap
249828	repetitive
561087	adrenaline
561087	agitated
561087	hard rock
561087	powerful
561087	psychic
561087	repetitive
1022969	adrenaline
1022969	aggressive
1022969	atmosphere
1022969	bizarre
1022969	confused
1022969	hard rock
1022969	powerful
1022969	psychic
952928	groove
952928	remembrance
952928	rhythm and blues
952928	soul
952928	travel
236362	hopeful
236362	love
236362	melancholic
236362	rock pop
236362	romantic
236362	soft
236362	vintage
248119	desolation
248119	lonely
248119	love
248119	melancholic
248119	rock blues
248119	slow
248119	soft
76260	catchy
76260	country rock
76260	countryside
76260	fast
76260	holiday
76260	rock & roll
76260	rock blues
76260	travel
1007443	catchy
1007443	confident
1007443	delicate
1007443	folk contemporaneo
1007443	gentle
1007443	love
1007443	melancholic
1007443	rock pop
1007443	romantic
1007443	soulful
216884	catchy
216884	holiday
216884	rock pop
216884	summertime
216884	travel
216884	vintage
7683	city
7683	dance pop
7683	hopeful
7683	light
7683	vintage
216881	ballroom
216881	carefree
216881	catchy
216881	cheerful
216881	energy
216881	exciting
216881	fast
216881	groove
216881	holiday
216881	hopeful
216881	movement
216881	rock & roll
216881	summertime
73866	breezy
73866	carefree
73866	catchy
73866	rock pop
158213	despair
158213	melancholic
158213	powerful
158213	slow
158213	smooth
216889	ballroom
216889	bizarre
216889	breezy
216889	carefree
216889	catchy
216889	holiday
216889	playful
216889	summertime
691705	beat
691705	city
691705	funk
691705	hip-hop
691705	movement
691705	r&b
289717	aggressive
289717	determined
289717	hard rock
289717	insistent
289717	night
289717	powerful
289717	rock blues
289717	strong
289716	adrenaline
289716	angry
289716	chaotic
289716	hard rock
289716	powerful
289716	strong
179098	love
179098	melodic
179098	romantic
179098	soft
179098	soft pop
441781	love
441781	mellow
441781	melodic
441781	romantic
441781	slow
441781	soft
441781	soft pop
441785	confident
441785	melancholic
441785	melodic
441785	rock pop
441785	romantic
441785	slow
441785	soft
518628	carefree
518628	catchy
518628	reggae
518628	rock pop
518628	summertime
518628	travel
509246	beat
509246	dance pop
509246	hip-hop
509246	movement
509246	repetitive
48508	carefree
48508	catchy
48508	cheerful
48508	energy
48508	movement
48508	rock & roll
3829	hard rock
3829	insistent
3829	lazy
3829	psychedelic
3829	psychic
3829	repetitive
3829	rock blues
3829	strong
701588	agitated
701588	beat
701588	catchy
701588	city
701588	hip-hop
701588	night
701588	r&b
701588	rap
701588	repetitive
701588	suggestive
446774	atmosphere
446774	suggestive
446774	weird
446772	acoustic
446772	intense
446772	soft
446772	space
446772	suggestive
89523	acoustic
89523	lonely
89523	melancholic
89523	repetitive
89523	soulful
89523	traditional blues
70915	desolation
70915	emotional
70915	remembrance
70915	rock pop
70915	romantic
70915	slow
70915	smooth
70915	soft
47144	energy
47144	fast
47144	hard rock
47144	powerful
47144	rock blues
47144	strong
184274	carefree
184274	cheerful
184274	emotional
184274	energy
184274	folk contemporaneo
184274	rock pop
184274	travel
260113	hopeful
260113	love
260113	melodic
260113	rhythm and blues
260113	rock & roll
260113	romantic
260113	vintage
916947	emotional
916947	hopeful
916947	intimate
916947	love
916947	melancholic
916947	melodic
916947	rock & roll
916947	romantic
916947	slow
916947	smooth
916947	soft
916947	soulful
916945	acoustic
916945	country rock
916945	desolation
916945	lazy
916945	melancholic
916945	rock pop
451087	beat
451087	chaotic
451087	club
451087	hip-hop
451087	rap
451087	repetitive
133481	energy
133481	powerful
133481	rock pop
133481	space
133481	travel
133480	chaotic
133480	confused
133480	energy
133480	hard rock
133480	powerful
133480	rock blues
133487	exciting
133487	groove
133487	passionate
133487	powerful
133487	rock blues
133487	sexy
133487	traditional blues
133484	aggressive
133484	chaotic
133484	fast
133484	frantic
133484	hard rock
133484	powerful
45617	catchy
45617	cheerful
45617	enthusiastic
45617	repetitive
45617	rock & roll
110156	confident
110156	movement
110156	rock blues
110156	sexy
146421	energy
146421	fast
146421	groove
146421	rhythm and blues
146421	rock blues
146421	travel
207827	emotional
207827	love
207827	melodic
207827	rhythm and blues
207827	romantic
207827	slow
207827	soul
743175	acoustic
743175	countryside
743175	gentle
743175	melancholic
743175	travel
16655	energy
16655	enthusiastic
16655	fast
16655	remembrance
16655	rhythm and blues
16655	rock pop
16655	vintage
1024204	adrenaline
1024204	agitated
1024204	chaotic
1024204	fast
1024204	punk
645811	ballroom
645811	carefree
645811	catchy
645811	disco 70
645811	groove
645811	movement
1038511	energy
1038511	evocative
1038511	new wave
1038511	rock pop
1038511	suggestive
1038511	travel
784726	beat
784726	city
784726	dance pop
784726	hip-hop
784726	night
784726	repetitive
16656	energy
16656	fast
16656	movement
16656	repetitive
16656	rhythm and blues
16656	soul
697925	exciting
697925	lonely
697925	melancholic
697925	rhythm and blues
697925	rock blues
697925	romantic
697925	slow
697925	soft
697925	soulful
697924	carefree
697924	catchy
697924	energy
697924	fast
697924	holiday
697924	hopeful
697924	rock blues
697924	rock pop
16652	fast
16652	movement
16652	remembrance
16652	rhythm and blues
16652	soul
16652	travel
16664	emotional
16664	melodic
16664	remembrance
16664	rhythm and blues
16664	vintage
107633	aggressive
107633	agitated
107633	chaotic
107633	fast
107633	hard rock
107633	noise
107633	powerful
104093	energy
104093	fast
104093	holiday
104093	rock pop
104093	vintage
104090	aggressive
104090	energy
104090	hard rock
104090	powerful
104090	strong
195725	adrenaline
195725	aggressive
195725	hard rock
195725	noise
195725	powerful
195725	strong
104096	adrenaline
104096	energy
104096	fast
104096	hard rock
104096	powerful
5693	catchy
5693	country rock
5693	countryside
5693	fast
5693	movement
5693	rock & roll
5693	travel
166199	chaotic
166199	hard rock
166199	powerful
166199	repetitive
166199	weird
590644	ballroom
590644	dance pop
590644	fast
590644	funk rock
590644	glamour
590644	movement
590644	vintage
4758	energy
4758	fast
4758	funk rock
4758	movement
4758	psychedelic
4758	repetitive
268160	adrenaline
268160	aggressive
268160	fast
268160	hard rock
268160	powerful
268160	strong
268160	travel
268162	aggressive
268162	angry
268162	chaotic
268162	energy
268162	fast
268162	powerful
76912	chaotic
76912	confused
76912	fast
76912	hard rock
76912	noise
76912	powerful
76912	repetitive
68657	despair
68657	hard rock
68657	melancholic
68657	powerful
68657	smooth
68657	soft
68657	suggestive
78589	aggressive
78589	chaotic
78589	confused
78589	hard rock
78589	noise
78589	powerful
78588	despair
78588	determined
78588	energy
78588	love
78588	rock blues
78588	slow
78587	angry
78587	energy
78587	funk
78587	intense
78587	rock blues
78587	strong
78587	suggestive
78585	aggressive
78585	angry
78585	chaotic
78585	hard rock
78585	noise
78585	psychic
78585	rock blues
78584	agitated
78584	despair
78584	fast
78584	hard rock
78584	psychic
78584	rock blues
78584	strong
43758	aggressive
43758	angry
43758	anxiety
43758	chaotic
43758	hard rock
78582	angry
78582	despair
78582	hard rock
78582	intense
78582	intimate
78582	rock blues
78582	soul
78582	soulful
78582	strong
78582	suggestive
371350	bizarre
371350	breezy
371350	carefree
371350	catchy
371350	fast
371350	holiday
371350	hopeful
371350	movement
371350	punk
371350	rock pop
33652	chaotic
33652	confused
33652	hard rock
33652	obsessive
33652	psychedelic
33652	psychic
33653	energy
33653	fast
33653	repetitive
33653	rock pop
33653	weird
33651	beat
33651	energy
33651	new wave
33651	powerful
33651	rock pop
33651	space
189486	aggressive
189486	agitated
189486	chaotic
189486	fast
189486	frantic
189486	hard rock
189486	powerful
1049945	atmosphere
1049945	determined
1049945	exciting
1049945	intimate
1049945	passionate
1049945	sexy
1049945	smooth
1049945	suggestive
1049945	traditional blues
189484	confused
189484	hard rock
189484	repetitive
275146	energy
275146	insistent
275146	repetitive
275146	rock blues
275146	suggestive
275149	acoustic
275149	energy
275149	intense
275149	suggestive
275148	carefree
275148	countryside
275148	determined
275148	fast
275148	folk contemporaneo
275148	hopeful
275148	rock & roll
275148	travel
1022636	breezy
1022636	carefree
1022636	catchy
1022636	electronic
1022636	rock pop
1022636	vintage
1022631	fast
1022631	light
1022631	movement
1022631	rock pop
1022631	vintage
256023	beat
256023	hip-hop
256023	night
256023	rap
256023	repetitive
380886	agitated
380886	chaotic
380886	energy
380886	fast
380886	frantic
380886	hard rock
193518	bizarre
193518	holiday
193518	movement
193518	rock pop
193518	summertime
193518	travel
664811	beat
664811	city
664811	club
664811	hip-hop
664811	night
664811	r&b
664811	rap
664811	repetitive
69290	adrenaline
69290	repetitive
69290	rock blues
69290	rock pop
69290	travel
69290	vintage
40340	melancholic
40340	mellow
40340	romantic
40340	sexy
40340	slow
40340	soft
40340	suggestive
14650	breezy
14650	carefree
14650	catchy
14650	movement
14650	rock & roll
85947	fast
85947	melancholic
85947	rock pop
85947	vintage
85947	weird
54853	confident
54853	emotional
54853	melancholic
54853	melodic
54853	repetitive
54853	rhythm and blues
54853	romantic
54853	slow
54853	soft
54853	soul
54853	soulful
248999	catchy
248999	delicate
248999	gentle
248999	mellow
248999	romantic
248999	soft
248999	soft pop
442388	energy
442388	powerful
442388	rock pop
442388	space
483936	lonely
483936	melancholic
483936	psychedelic
483936	rock pop
483936	smooth
483936	soft
483936	suggestive
176817	catchy
176817	cheerful
176817	fast
176817	movement
176817	rock & roll
117507	adrenaline
117507	agitated
117507	anxiety
117507	psychedelic
117507	psychic
117507	repetitive
16722	country rock
16722	desolation
16722	folk contemporaneo
16722	intimate
16722	melancholic
16722	repetitive
54850	acoustic
54850	confident
54850	emotional
54850	gentle
54850	love
54850	mellow
54850	melodic
54850	remembrance
54850	rhythm and blues
54850	romantic
44089	energy
44089	fast
44089	repetitive
44089	rock pop
44089	vintage
203398	intense
203398	intimate
203398	love
203398	mellow
203398	melodic
203398	rhythm and blues
203398	romantic
203398	slow
203398	suggestive
490029	city
490029	dance pop
490029	hip-hop
490029	movement
490029	night
490029	repetitive
490029	soft
490029	weird
31807	catchy
31807	love
31807	romantic
31807	slow
31807	soft
31807	soft pop
31807	vintage
31800	atmosphere
31800	confident
31800	electronic
31800	funk rock
31800	repetitive
31800	sexy
31800	soul
1065908	ballroom
1065908	carefree
1065908	exciting
1065908	movement
1065908	rock & roll
2207	aggressive
2207	agitated
2207	chaotic
2207	confused
2207	hard rock
2207	obsessive
2208	adrenaline
2208	aggressive
2208	hard rock
2208	powerful
2208	strong
75759	disco 70
75759	fast
75759	funk rock
75759	groove
75759	movement
75759	night
75759	vintage
1065904	intimate
1065904	passionate
1065904	romantic
1065904	slow
1065904	soft
7153	emotional
7153	love
7153	rock pop
7153	romantic
7153	soft
7153	soft pop
364282	melancholic
364282	rock pop
364282	slow
364282	smooth
807385	beat
807385	catchy
807385	club
807385	hip-hop
807385	r&b
807385	rap
807385	sexy
807385	soft
96102	aggressive
96102	agitated
96102	chaotic
96102	confused
96102	fast
96102	hard rock
96102	powerful
215325	intense
215325	mellow
215325	repetitive
215325	sexy
215325	traditional blues
68376	energy
68376	exciting
68376	groove
68376	intense
68376	rhythm and blues
68376	soul
64616	ballroom
64616	carefree
64616	cheerful
64616	movement
64616	rock & roll
423567	determined
423567	hopeful
423567	punk
423567	rock pop
423567	travel
64614	ballroom
64614	confident
64614	emotional
64614	intense
64614	love
64614	melancholic
64614	melodic
64614	passionate
64614	rhythm and blues
64614	romantic
64614	soft
6942	anxiety
6942	energy
6942	fast
6942	reggae
6942	repetitive
6942	rock pop
1045445	cheerful
1045445	holiday
1045445	hopeful
1045445	light
1045445	movement
1045445	vintage
64618	love
64618	movement
64618	remembrance
64618	rhythm and blues
64618	vintage
405566	aggressive
405566	angry
405566	chaotic
405566	energy
405566	fast
405566	hard rock
405566	powerful
68378	carefree
68378	catchy
68378	enthusiastic
68378	holiday
68378	hopeful
68378	movement
68378	rhythm and blues
68378	rock pop
68378	vintage
71780	aggressive
71780	agitated
71780	chaotic
71780	frantic
71780	hard rock
78694	bright
78694	carefree
78694	catchy
78694	movement
78694	repetitive
78694	rock pop
13962	delicate
13962	gentle
13962	love
13962	mellow
13962	melodic
13962	romantic
13962	soft
1068463	aggressive
1068463	hard rock
1068463	noise
1068463	powerful
1068460	chaotic
1068460	confused
1068460	fast
1068460	hard rock
1068460	powerful
13961	carefree
13961	catchy
13961	rock pop
13961	romantic
13961	vintage
1068466	determined
1068466	hard rock
1068466	punk
1068466	repetitive
1068466	vintage
13967	cheerful
13967	enthusiastic
13967	playful
13967	rock pop
13967	summertime
13965	carefree
13965	catchy
13965	country rock
13965	countryside
13965	folk contemporaneo
13965	travel
76250	bright
76250	carefree
76250	catchy
76250	country rock
76250	countryside
76250	energy
76250	holiday
76250	rock & roll
76250	rock blues
76250	travel
374586	atmosphere
374586	determined
374586	obsessive
374586	powerful
374586	psychic
374586	rock blues
374586	strong
374586	suggestive
683935	despair
683935	love
683935	melodic
683935	rhythm and blues
683935	soul
683935	vintage
577845	energy
577845	insistent
577845	powerful
577845	punk
577845	repetitive
75770	carefree
75770	catchy
75770	country rock
75770	countryside
75770	travel
75770	vintage
1022565	anxiety
1022565	electronic
1022565	obsessive
1022565	psychedelic
1022565	psychic
1022565	repetitive
25551	agitated
25551	chaotic
25551	confused
25551	psychic
25551	punk
25551	repetitive
13359	adrenaline
13359	fast
13359	insistent
13359	powerful
13359	repetitive
13359	rock blues
274059	acoustic
274059	atmosphere
274059	chic
274059	confident
274059	delicate
274059	gentle
274059	melodic
274059	rock pop
274059	romantic
274059	sexy
274059	slow
274059	smooth
274059	soft
274059	soft pop
274059	suggestive
5653	energy
5653	hard rock
5653	insistent
5653	powerful
5653	strong
44882	agitated
44882	psychedelic
44882	psychic
44882	repetitive
706049	brit pop
706049	energy
706049	fast
706049	movement
706049	new wave
706049	rock pop
706049	travel
673465	confused
673465	energy
673465	powerful
673465	weird
673466	agitated
673466	energy
673466	enthusiastic
673466	fast
673466	new wave
673466	repetitive
683936	catchy
683936	fast
683936	insistent
683936	rhythm and blues
683936	soul
683936	vintage
747565	country rock
747565	countryside
747565	energy
747565	fast
76910	agitated
76910	insistent
76910	powerful
76910	repetitive
993066	agitated
993066	fast
993066	frantic
993066	new wave
993066	repetitive
993066	rock pop
210655	intense
210655	melancholic
210655	soulful
210655	suggestive
541804	adrenaline
541804	aggressive
541804	angry
541804	determined
541804	hard rock
541804	powerful
541804	strong
541804	travel
541805	aggressive
541805	energy
541805	hard rock
541805	powerful
541805	strong
706045	aggressive
706045	agitated
706045	chaotic
706045	confused
706045	hard rock
706045	noise
210651	confident
210651	emotional
210651	evocative
210651	movement
257740	despair
257740	intense
257740	melancholic
257740	melodic
257740	rhythm and blues
257740	rock & roll
257740	romantic
257740	soft
257740	soulful
257740	suggestive
489324	chaotic
489324	confused
489324	hard rock
489324	noise
489324	strong
7991	melancholic
7991	psychedelic
7991	psychic
7991	repetitive
7991	rock blues
7991	vintage
743189	country rock
743189	countryside
743189	melancholic
743189	movement
743189	summertime
743189	travel
7994	atmosphere
7994	desolation
7994	intimate
7994	lonely
7994	love
7994	melancholic
7994	psychedelic
7994	romantic
7994	slow
7994	soft
7994	suggestive
440886	catchy
440886	countryside
440886	gentle
440886	hopeful
440886	melancholic
440886	rock pop
440886	soft
440886	soft pop
440886	travel
69194	catchy
69194	countryside
69194	melodic
69194	rock & roll
69194	rock pop
69194	romantic
69194	travel
69195	catchy
69195	country rock
69195	countryside
69195	energy
69195	fast
69195	folk contemporaneo
69195	movement
69192	country rock
69192	countryside
69192	despair
69192	holiday
69192	love
69192	melodic
69192	rock pop
69192	romantic
69192	travel
69190	catchy
69190	country rock
69190	countryside
69190	melancholic
69190	travel
69191	country rock
69191	countryside
69191	powerful
69191	space
234159	aggressive
234159	agitated
234159	chaotic
234159	confused
234159	fast
234159	frantic
234159	hard rock
234159	noise
1017288	ballroom
1017288	carefree
1017288	catchy
1017288	energy
1017288	movement
1017288	playful
1017288	rock & roll
1017288	vintage
948605	catchy
948605	country rock
948605	countryside
948605	energy
948605	travel
9615	aggressive
9615	agitated
9615	fast
9615	hard rock
9615	movement
9615	powerful
9615	rock & roll
9615	rock pop
9612	country rock
9612	countryside
9612	melancholic
9612	rock & roll
9612	slow
9612	soft
9612	space
9612	suggestive
422421	catchy
422421	countryside
422421	folk contemporaneo
422421	holiday
422421	repetitive
422421	rock pop
422421	travel
23732	chic
23732	enthusiastic
23732	exciting
23732	movement
23732	powerful
23732	rock blues
23732	soul
23732	vintage
78583	despair
78583	intense
78583	mellow
78583	movement
78583	rock blues
203403	adrenaline
203403	energy
203403	funk
203403	funk rock
203403	groove
203403	movement
203403	soul
122066	delicate
122066	hopeful
122066	love
122066	romantic
122066	soft
122066	soft pop
122066	vintage
122065	delicate
122065	emotional
122065	love
122065	melodic
122065	romantic
122065	slow
122065	soft
122065	soft pop
234156	aggressive
234156	chaotic
234156	hard rock
234156	noise
234156	punk
17061	countryside
17061	hopeful
17061	soft
17061	summertime
17061	travel
12816	countryside
12816	folk contemporaneo
12816	insistent
12816	repetitive
12816	rock pop
12816	travel
12810	emotional
12810	hopeful
12810	love
12810	melodic
12810	romantic
12810	soft
12810	soft pop
231712	catchy
231712	emotional
231712	hopeful
231712	melodic
231712	soft
231712	soft pop
231713	catchy
231713	groove
231713	powerful
231713	rock blues
231713	rock pop
231713	space
1024196	aggressive
1024196	agitated
1024196	angry
1024196	hard rock
1024196	noise
1024196	powerful
258643	bizarre
258643	evocative
258643	exciting
258643	groove
258643	playful
414409	chic
414409	funk rock
414409	glamour
414409	night
414409	r&b
414409	sexy
414409	soft
683937	energy
683937	exciting
683937	intense
683937	rhythm and blues
683937	soul
651204	emotional
651204	hopeful
651204	love
651204	melancholic
651204	melodic
651204	repetitive
651204	romantic
651204	soft
9052	catchy
9052	light
9052	love
9052	melodic
9052	rock pop
9052	vintage
34579	acoustic
34579	ballroom
34579	carefree
34579	playful
34579	rock & roll
34579	sexy
61489	carefree
61489	catchy
61489	energy
61489	movement
61489	playful
61489	summertime
212874	catchy
212874	melancholic
212874	rock pop
212874	soft
54872	breezy
54872	carefree
54872	delicate
54872	evocative
54872	hopeful
54872	light
54872	melodic
54872	playful
54872	rock pop
54872	suggestive
30958	holiday
30958	reggae
30958	soft
30958	summertime
63642	agitated
63642	fast
63642	hard rock
63642	psychic
63642	rock & roll
63642	travel
63642	vintage
90741	anxiety
90741	confused
90741	hard rock
90741	new wave
90741	psychic
817507	intense
817507	love
817507	movement
817507	reggae
817507	rock pop
817507	romantic
817507	soul
817506	chic
817506	groove
817506	love
817506	passionate
817506	rock & roll
817506	romantic
817506	soft
817506	soul
30956	holiday
30956	movement
30956	reggae
30956	repetitive
30956	soft
30956	summertime
30956	travel
251438	anxiety
251438	new wave
251438	obsessive
251438	psychic
636104	catchy
636104	confident
636104	glamour
636104	love
636104	night
636104	rock pop
636104	sexy
636104	vintage
30898	melancholic
30898	movement
30898	reggae
30898	summertime
231565	lazy
231565	lonely
231565	melancholic
231565	slow
231565	soft
245063	adrenaline
245063	agitated
245063	dance pop
245063	frantic
245063	insistent
245063	obsessive
245063	repetitive
12210	adrenaline
12210	ballroom
12210	bizarre
12210	exciting
12210	movement
12210	rhythm and blues
12210	rock & roll
42920	countryside
42920	melancholic
42920	soft
42920	travel
42921	catchy
42921	country rock
42921	countryside
42921	folk contemporaneo
42921	melancholic
42921	soft
12215	ballroom
12215	breezy
12215	carefree
12215	energy
12215	movement
12215	remembrance
12215	rhythm and blues
12215	rock & roll
184282	catchy
184282	countryside
184282	folk contemporaneo
184282	hopeful
184282	melancholic
184282	rock pop
473101	beat
473101	club
473101	hip-hop
473101	r&b
473101	repetitive
473101	sexy
275145	catchy
275145	countryside
275145	folk contemporaneo
275145	hopeful
275145	soft
33657	atmosphere
33657	evocative
33657	glamour
33657	mellow
33657	new wave
33657	space
33657	travel
203534	catchy
203534	country rock
203534	countryside
203534	folk contemporaneo
203534	hopeful
203534	lonely
112838	carefree
112838	catchy
112838	energy
112838	fast
112838	rhythm and blues
112838	rock blues
112838	soul
112838	travel
112838	vintage
203531	ballroom
203531	energy
203531	fast
203531	movement
203531	rock & roll
18530	carefree
18530	catchy
18530	country rock
18530	countryside
18530	energy
18530	fast
18530	folk contemporaneo
18530	hopeful
18530	movement
18530	rock & roll
736816	adrenaline
736816	aggressive
736816	agitated
736816	chaotic
736816	punk
10269	fast
10269	psychedelic
10269	psychic
10269	repetitive
10269	rock pop
10269	strong
10269	weird
795158	love
795158	melancholic
795158	melodic
795158	rock pop
795158	romantic
795158	soft
176819	carefree
176819	catchy
176819	confident
176819	emotional
176819	love
176819	remembrance
176819	rock pop
176819	soft
112835	groove
112835	movement
112835	rhythm and blues
112835	rock blues
112835	sexy
112835	soft
489500	agitated
489500	beat
489500	fast
489500	frantic
489500	hip-hop
489500	weird
249003	energy
249003	fast
249003	obsessive
249003	psychedelic
249003	repetitive
249003	rock & roll
249001	gentle
249001	love
249001	melancholic
249001	rock pop
249001	slow
249001	vintage
20570	ballroom
20570	energy
20570	movement
20570	repetitive
20570	rock & roll
249007	delicate
249007	melancholic
249007	rock pop
249007	romantic
249007	soft
249007	vintage
122018	agitated
122018	energy
122018	fast
122018	hard rock
122018	powerful
391363	angry
391363	anxiety
391363	club
391363	groove
391363	rap
391363	repetitive
623609	melancholic
623609	rock pop
623609	soft
623609	space
374904	adrenaline
374904	fast
374904	psychic
74676	adrenaline
74676	aggressive
74676	agitated
74676	angry
74676	hard rock
74676	noise
451086	beat
451086	city
451086	dance pop
451086	energy
451086	hip-hop
451086	movement
451086	night
451086	rap
451086	repetitive
293984	aggressive
293984	catchy
293984	hard rock
293984	powerful
293984	punk
293984	repetitive
293984	strong
80703	determined
80703	hard rock
80703	melancholic
80703	slow
80703	strong
680694	chic
680694	emotional
680694	melodic
680694	rhythm and blues
680694	slow
680694	soft
163242	energy
163242	fast
163242	hard rock
163242	powerful
163242	strong
1037218	adrenaline
1037218	beat
1037218	city
1037218	electronic
1037218	fast
1037218	new wave
1037218	night
1037218	vintage
147826	hard rock
147826	melancholic
147826	repetitive
147826	strong
147826	travel
3227	ballroom
3227	love
3227	melodic
3227	movement
3227	rhythm and blues
3227	vintage
683719	despair
683719	intense
683719	melancholic
683719	passionate
683719	soul
683719	soulful
683719	suggestive
683719	traditional blues
386924	beat
386924	dance pop
386924	energy
386924	groove
386924	hip-hop
386924	movement
3223	confident
3223	love
3223	melancholic
3223	melodic
3223	rhythm and blues
3223	romantic
3223	slow
3223	soft
3223	soul
3223	vintage
3222	intense
3222	love
3222	melancholic
3222	remembrance
3222	rhythm and blues
3222	romantic
3222	slow
3222	soft
3222	soul
3222	soulful
492045	catchy
492045	delicate
492045	exciting
492045	love
492045	mellow
492045	melodic
492045	passionate
492045	rhythm and blues
492045	rock & roll
492045	romantic
492045	slow
492045	smooth
492045	soft
492045	soul
492045	soulful
492045	vintage
87488	angry
87488	energy
87488	fast
87488	repetitive
87488	rock pop
8917	determined
8917	groove
8917	insistent
8917	melancholic
8917	rock pop
8917	travel
211298	aggressive
211298	angry
211298	energy
211298	fast
211298	frantic
211298	hard rock
211298	powerful
24641	rock pop
24641	soft pop
24641	vintage
24641	weird
276852	beat
276852	city
276852	club
276852	night
276852	rap
276852	repetitive
276852	soft
24643	catchy
24643	city
24643	glamour
24643	repetitive
24643	rock pop
24643	vintage
19007	anxiety
19007	electronic
19007	fast
19007	psychic
19007	vintage
19004	beat
19004	disco 70
19004	energy
19004	powerful
19004	vintage
1068523	angry
1068523	beat
1068523	club
1068523	night
1068523	obsessive
1068523	r&b
1068523	rap
1068523	repetitive
234171	aggressive
234171	lazy
234171	new wave
234171	repetitive
234171	vintage
234171	weird
67569	adrenaline
67569	energy
67569	fast
67569	movement
67569	rhythm and blues
67569	rock blues
528508	agitated
528508	brit pop
528508	chaotic
528508	confused
528508	insistent
528508	new wave
528508	psychic
528508	weird
1071650	acoustic
1071650	countryside
1071650	delicate
1071650	evocative
1071650	gentle
1071650	melancholic
1071650	melodic
1071650	remembrance
1071650	romantic
1071650	soft
1071650	travel
64650	bizarre
64650	carefree
64650	catchy
64650	cheerful
64650	country rock
64650	countryside
64650	fast
64650	folk contemporaneo
64650	holiday
64650	hopeful
64650	movement
64650	playful
64650	rock pop
64650	travel
472769	aggressive
472769	beat
472769	club
472769	hip-hop
472769	insistent
472769	r&b
472769	rap
472769	repetitive
498205	beat
498205	club
498205	dance pop
498205	glamour
498205	hip-hop
498205	movement
498205	night
498205	rap
498205	sexy
176838	emotional
176838	intimate
176838	love
176838	rhythm and blues
176838	romantic
176838	slow
176838	soft
176838	soul
176838	soulful
176838	suggestive
603905	aggressive
603905	agitated
603905	energy
603905	fast
603905	hard rock
603905	powerful
603905	strong
286318	anxiety
286318	hard rock
286318	powerful
286318	psychedelic
286318	psychic
286318	repetitive
87123	carefree
87123	catchy
87123	country rock
87123	countryside
87123	folk contemporaneo
87123	holiday
87123	hopeful
87123	travel
24316	breezy
24316	carefree
24316	catchy
24316	fast
24316	holiday
24316	love
24316	rock pop
24316	vintage
645844	catchy
645844	love
645844	melancholic
645844	rock pop
645844	romantic
645844	slow
645844	soft
645844	soft pop
645844	vintage
421715	determined
421715	exciting
421715	funk rock
421715	groove
421715	powerful
421715	rock blues
87129	energy
87129	fast
87129	folk contemporaneo
87129	groove
87129	movement
87129	rock blues
24310	catchy
24310	fast
24310	light
24310	rock pop
24310	travel
194944	aggressive
194944	chaotic
194944	confused
194944	noise
195727	melancholic
195727	rock pop
195727	romantic
195727	slow
195727	soft
195724	aggressive
195724	hard rock
195724	noise
195724	powerful
1078424	catchy
1078424	love
1078424	rock pop
1078424	romantic
1078424	soft
193517	lonely
193517	melancholic
193517	new wave
193517	repetitive
193517	slow
193517	suggestive
744746	city
744746	funk
744746	night
744746	repetitive
744746	rhythm and blues
744746	rock pop
744746	soul
57736	hopeful
57736	love
57736	melodic
57736	rock pop
57736	romantic
57736	slow
57736	travel
756176	city
756176	disco 70
756176	fast
756176	hopeful
756176	night
756176	rock pop
756176	vintage
12676	anxiety
12676	desolation
12676	lazy
12676	melancholic
12676	psychedelic
12676	psychic
12676	repetitive
12676	rock pop
12676	weird
12670	agitated
12670	angry
12670	chaotic
12670	confused
12670	hard rock
12670	noise
12670	obsessive
12670	psychic
993088	brit pop
993088	chaotic
993088	new wave
993088	psychic
993088	repetitive
993088	space
64869	catchy
64869	determined
64869	hopeful
64869	passionate
64869	rhythm and blues
64869	soul
64869	vintage
107802	chic
107802	delicate
107802	despair
107802	emotional
107802	love
107802	mellow
107802	melodic
107802	remembrance
107802	rhythm and blues
107802	romantic
107802	slow
107802	smooth
107802	soft
107802	soul
107802	suggestive
702944	ballroom
702944	beat
702944	catchy
702944	funk
702944	glamour
702944	hip-hop
702944	r&b
702944	rap
702944	sexy
702944	soul
1071780	electronic
1071780	fast
1071780	movement
1071780	repetitive
1071780	vintage
489506	agitated
489506	angry
489506	beat
489506	chaotic
489506	hip-hop
489506	noise
489506	rap
489506	repetitive
101276	despair
101276	emotional
101276	exciting
101276	love
101276	passionate
101276	rhythm and blues
101276	rock & roll
101276	romantic
101276	slow
101276	soft
101276	soul
101276	soulful
107808	confident
107808	emotional
107808	melancholic
107808	mellow
107808	rhythm and blues
107808	romantic
107808	slow
107808	soft
107808	soul
107808	soulful
56251	confident
56251	country rock
56251	desolation
56251	love
56251	melancholic
56251	romantic
56251	slow
56251	soft
8922	carefree
8922	energy
8922	fast
8922	movement
8922	rock & roll
231566	confident
231566	country rock
231566	countryside
231566	folk contemporaneo
231566	melancholic
231566	melodic
231566	romantic
231566	travel
16462	desolation
16462	emotional
16462	lonely
16462	love
16462	melancholic
16462	melodic
16462	rock pop
16462	romantic
16462	slow
16462	soft
187050	breezy
187050	bright
187050	carefree
187050	reggae
762858	determined
762858	glamour
762858	groove
762858	rock blues
762858	sexy
78739	disco 70
78739	fast
78739	movement
78739	night
78739	vintage
16466	adrenaline
16466	agitated
16466	hard rock
16466	strong
16466	weird
616664	ballroom
616664	fast
616664	love
616664	movement
616664	rock & roll
762855	carefree
762855	catchy
762855	movement
762855	rhythm and blues
762855	rock pop
762855	vintage
191479	catchy
191479	energy
191479	fast
191479	movement
191479	rock & roll
803012	acoustic
803012	atmosphere
803012	delicate
803012	intense
803012	melodic
754086	anxiety
754086	atmosphere
754086	suggestive
683709	angry
683709	despair
683709	determined
683709	exciting
683709	intense
683709	melancholic
683709	rhythm and blues
683709	sexy
683709	soul
683709	traditional blues
74254	anxiety
74254	electronic
74254	psychic
74253	powerful
74253	psychic
74253	rock pop
74253	vintage
74253	weird
754087	acoustic
754087	anxiety
754087	obsessive
421718	bright
421718	carefree
421718	countryside
421718	rock pop
421718	travel
947329	adrenaline
947329	agitated
947329	movement
947329	psychic
947329	punk
947329	repetitive
947329	rock pop
3645	fast
3645	groove
3645	mellow
3645	rock & roll
3645	slow
3645	soft
754089	anxiety
754089	desolation
3643	fast
3643	passionate
3643	rhythm and blues
3643	rock & roll
3643	slow
3643	soul
3643	soulful
3643	suggestive
40624	energy
40624	groove
40624	intense
40624	rock pop
40624	strong
3641	ballroom
3641	carefree
3641	catchy
3641	cheerful
3641	fast
3641	movement
3641	playful
3641	rhythm and blues
3641	rock & roll
3641	suggestive
1078660	anxiety
1078660	confused
1078660	hard rock
1078660	psychedelic
1078660	psychic
1078660	suggestive
1078660	weird
256155	holiday
256155	movement
256155	reggae
256155	summertime
256154	atmosphere
256154	emotional
256154	love
256154	melancholic
256154	romantic
256154	slow
256154	soft
256154	travel
176818	melancholic
176818	rock & roll
176818	romantic
176818	soft
176818	space
176818	travel
256150	bright
256150	catchy
256150	reggae
256150	summertime
784626	beat
784626	chaotic
784626	city
784626	dance pop
784626	hip-hop
784626	night
784626	repetitive
75783	carefree
75783	catchy
75783	groove
75783	holiday
75783	movement
75783	rock pop
75783	summertime
34316	anxiety
34316	atmosphere
34316	psychic
75787	country rock
75787	countryside
75787	energy
75787	insistent
75787	repetitive
75787	rock pop
75784	countryside
75784	folk contemporaneo
75784	lonely
75784	melancholic
75784	rock pop
75784	soft
222608	lazy
222608	melancholic
222608	psychedelic
222608	psychic
222608	soft
411306	confident
411306	emotional
411306	glamour
411306	intimate
411306	love
411306	melodic
411306	passionate
411306	rhythm and blues
411306	romantic
411306	slow
411306	smooth
411306	soft
19148	emotional
19148	love
19148	rock & roll
19148	romantic
19148	slow
19148	soft
75789	country rock
75789	countryside
75789	desolation
75789	lazy
75789	lonely
75789	melancholic
75789	rock pop
75789	smooth
15983	determined
15983	energy
15983	movement
15983	repetitive
15983	rock & roll
2251	enthusiastic
2251	fast
2251	movement
2251	repetitive
2251	rock pop
270450	catchy
270450	electronic
270450	repetitive
270450	rock pop
270450	vintage
270450	weird
1053865	carefree
1053865	catchy
1053865	delicate
1053865	hopeful
1053865	love
1053865	melodic
1053865	rock pop
1053865	romantic
1053865	soft
472813	angry
472813	beat
472813	city
472813	club
472813	hip-hop
472813	night
472813	r&b
472813	rap
472813	repetitive
10325	adrenaline
10325	aggressive
10325	energy
10325	hard rock
10325	powerful
664704	angry
664704	beat
664704	city
664704	club
664704	hip-hop
664704	night
664704	rap
664704	repetitive
87501	chaotic
87501	confused
87501	energy
87501	hard rock
87501	powerful
251446	anxiety
251446	fast
251446	hard rock
251446	movement
251446	obsessive
1048950	bizarre
1048950	country rock
1048950	countryside
1048950	folk contemporaneo
1048950	hopeful
1048950	playful
1048950	remembrance
1048950	rock pop
1048950	vintage
368915	agitated
368915	beat
368915	city
368915	club
368915	dance pop
368915	night
368915	rap
368915	repetitive
5157	chaotic
5157	fast
5157	hard rock
5157	psychedelic
5157	vintage
216868	confident
216868	emotional
216868	love
216868	melodic
216868	rock & roll
216868	romantic
216868	slow
216868	soft
63039	countryside
63039	folk contemporaneo
63039	melancholic
63039	rock pop
63039	soft
63039	soft pop
63039	travel
534785	exciting
534785	intense
534785	mellow
534785	passionate
534785	sexy
534785	traditional blues
534786	bizarre
534786	cheerful
534786	country rock
534786	energy
534786	fast
534786	movement
534786	rock blues
636144	beat
636144	carefree
636144	catchy
636144	enthusiastic
636144	rock pop
636144	soft pop
82136	acoustic
82136	catchy
82136	confident
82136	exciting
82136	melancholic
82136	mellow
82136	remembrance
82136	rhythm and blues
82136	rock & roll
82136	romantic
82136	suggestive
802929	despair
802929	mellow
802929	passionate
802929	rhythm and blues
802929	soft
802929	soul
75608	ballroom
75608	disco 70
75608	glamour
75608	movement
75608	night
75608	vintage
63037	folk contemporaneo
63037	intimate
63037	lonely
63037	melancholic
63037	rock pop
63037	travel
1068455	chaotic
1068455	fast
1068455	hard rock
1068455	noise
1068455	powerful
1068455	strong
1068454	agitated
1068454	bizarre
1068454	confused
1068454	fast
1068454	hard rock
1022973	atmosphere
1022973	desolation
1022973	evocative
1022973	lonely
1022973	new wave
1022973	remembrance
1022973	suggestive
1022973	travel
74321	atmosphere
74321	intimate
74321	lazy
74321	melancholic
74321	rock pop
74321	slow
74321	soft
74321	suggestive
1022971	obsessive
1022971	punk
1022971	repetitive
5569	fast
5569	repetitive
5569	rock pop
5569	vintage
1072485	acoustic
1072485	bizarre
1072485	breezy
1072485	carefree
1072485	reggae
1072485	rock pop
1072485	suggestive
1072485	summertime
1072485	travel
58816	funk rock
58816	movement
58816	vintage
155014	country rock
155014	countryside
155014	desolation
155014	folk contemporaneo
155014	lonely
155014	melancholic
463013	confident
463013	exciting
463013	passionate
463013	rock blues
463013	sexy
463013	soft
754085	acoustic
754085	anxiety
754085	atmosphere
754085	evocative
754085	fast
754085	suggestive
754085	travel
176407	emotional
176407	exciting
176407	love
176407	melodic
176407	passionate
176407	rhythm and blues
176407	romantic
176407	slow
176407	soft
176407	soul
176407	vintage
236377	beat
236377	glamour
236377	groove
236377	rap
236377	rhythm and blues
236377	sexy
236377	soul
236376	chic
236376	despair
236376	determined
236376	energy
236376	exciting
236376	groove
236376	insistent
236376	intense
236376	passionate
236376	powerful
236376	rhythm and blues
236376	rock blues
236376	sexy
236376	traditional blues
236374	energy
236374	fast
236374	intense
236374	movement
236374	repetitive
236374	rhythm and blues
236374	rock blues
236374	sexy
98794	breezy
98794	catchy
98794	cheerful
98794	playful
98794	summertime
387636	anxiety
387636	fast
387636	hard rock
387636	repetitive
387638	atmosphere
387638	desolation
387638	lazy
387638	melancholic
387638	punk
387638	space
387638	suggestive
209383	love
209383	melodic
209383	night
209383	rhythm and blues
209383	rock pop
209383	romantic
209383	smooth
744733	beat
744733	glamour
744733	movement
744733	night
744733	repetitive
744733	smooth
645508	love
645508	melancholic
645508	melodic
645508	romantic
645508	slow
645508	soft
5697	ballroom
5697	catchy
5697	energy
5697	enthusiastic
5697	movement
5697	rock & roll
5697	sexy
382547	mellow
382547	melodic
382547	remembrance
382547	rock pop
382547	slow
382547	suggestive
374945	acoustic
374945	ballroom
374945	catchy
374945	hopeful
374945	movement
374945	rock & roll
1015423	disco 70
1015423	electronic
1015423	fast
1015423	night
1015423	space
87098	catchy
87098	country rock
87098	countryside
87098	energy
87098	enthusiastic
87098	folk contemporaneo
87098	groove
87098	movement
87098	travel
19192	carefree
19192	catchy
19192	holiday
19192	rock pop
19192	travel
19192	vintage
19195	adrenaline
19195	energy
19195	powerful
19195	rock blues
19195	vintage
282519	angry
282519	anxiety
282519	beat
282519	hip-hop
282519	obsessive
282519	rap
282519	repetitive
892766	catchy
892766	energy
892766	melancholic
892766	rock pop
892766	smooth
518630	catchy
518630	new wave
518630	reggae
518630	rock pop
518630	space
518630	vintage
58080	anxiety
58080	determined
58080	fast
58080	hard rock
58080	insistent
58080	powerful
58823	energy
58823	insistent
58823	movement
58823	repetitive
58823	rock & roll
188666	confident
188666	emotional
188666	love
188666	melodic
188666	passionate
188666	rock & roll
188666	romantic
188666	slow
188666	soft
98792	fast
98792	funk rock
98792	movement
98792	playful
98792	rhythm and blues
680327	breezy
680327	bright
680327	catchy
680327	chic
680327	confident
680327	gentle
680327	hopeful
680327	love
680327	melodic
680327	romantic
680327	soft
680327	space
21322	countryside
21322	energy
21322	rock blues
21322	rock pop
21322	travel
21322	vintage
623607	catchy
623607	energy
623607	powerful
623607	rock pop
68382	carefree
68382	catchy
68382	city
68382	disco 70
68382	movement
68382	night
68382	rhythm and blues
68382	soul
68382	vintage
190731	ballroom
190731	bizarre
190731	carefree
190731	catchy
190731	movement
190731	playful
190731	remembrance
190731	rhythm and blues
190731	rock & roll
190731	soul
190731	vintage
37580	catchy
37580	hard rock
37580	repetitive
37580	rock pop
37580	strong
37580	travel
3466	energy
3466	exciting
3466	fast
3466	movement
3466	powerful
3466	rock & roll
3466	rock blues
146416	energy
146416	groove
146416	intense
146416	mellow
146416	melodic
146416	rhythm and blues
146416	rock blues
146416	soul
2206	aggressive
2206	angry
2206	chaotic
2206	hard rock
2206	powerful
18864	country rock
18864	countryside
18864	romantic
18864	soft
18864	travel
146413	energy
146413	groove
146413	movement
146413	powerful
146413	rock blues
146413	traditional blues
18869	bizarre
18869	glamour
18869	light
18869	reggae
30969	catchy
30969	holiday
30969	hopeful
30969	reggae
30969	repetitive
30969	summertime
12804	emotional
12804	gentle
12804	love
12804	rock pop
12804	romantic
12804	soft
12804	soft pop
12804	vintage
599284	adrenaline
599284	catchy
599284	hard rock
599284	powerful
599284	strong
74252	electronic
74252	fast
74252	frantic
74252	psychic
241041	adrenaline
241041	aggressive
241041	chaotic
241041	hard rock
241041	noise
241041	psychic
241041	repetitive
1065907	ballroom
1065907	catchy
1065907	remembrance
1065907	rock & roll
1065907	soft
150992	atmosphere
150992	desolation
150992	evocative
150992	hard rock
150992	intimate
150992	lonely
150992	rock & roll
150992	soft
150992	suggestive
150992	travel
80706	aggressive
80706	anxiety
80706	determined
80706	hard rock
80706	noise
755966	chic
755966	emotional
755966	intimate
755966	love
755966	rhythm and blues
755966	sexy
755966	soft
755966	soul
795135	carefree
795135	catchy
795135	rock pop
795135	travel
12803	carefree
12803	delicate
12803	gentle
12803	light
807418	agitated
807418	beat
807418	dance pop
807418	frantic
807418	hip-hop
807418	movement
807418	rap
807418	repetitive
16649	chic
16649	love
16649	melodic
16649	romantic
16649	soft
754088	agitated
754088	anxiety
754088	confused
754088	night
754088	obsessive
754088	strong
215591	atmosphere
215591	electronic
215591	night
215591	repetitive
38909	melancholic
38909	psychedelic
38909	psychic
38909	repetitive
38907	anxiety
38907	energy
38907	hard rock
38907	psychedelic
38907	psychic
38907	repetitive
38906	adrenaline
38906	hard rock
38906	powerful
38906	psychic
38906	punk
38906	vintage
744804	aggressive
744804	angry
744804	beat
744804	hip-hop
744804	rap
744804	repetitive
1066882	confident
1066882	lazy
1066882	melancholic
1066882	rhythm and blues
1066882	rock blues
1066882	smooth
1066882	soft
784732	hip-hop
784732	love
784732	melancholic
784732	romantic
784732	slow
784732	smooth
784732	soft
359071	atmosphere
359071	desolation
359071	melancholic
359071	rock pop
359071	slow
359071	soft
359071	suggestive
359073	bizarre
359073	lazy
359073	melancholic
359073	playful
359073	slow
359073	soft
34851	light
34851	soft pop
34851	vintage
1015514	disco 70
1015514	energy
1015514	fast
1015514	light
1015514	movement
203422	despair
203422	emotional
203422	exciting
203422	intense
203422	passionate
203422	rhythm and blues
203422	smooth
203422	soul
18592	catchy
18592	confident
18592	melancholic
18592	rhythm and blues
18592	smooth
18592	soft
18592	soul
27936	atmosphere
27936	delicate
27936	intense
27936	intimate
27936	love
27936	mellow
27936	melodic
27936	rock pop
27936	romantic
27936	slow
27936	soft
27936	suggestive
58267	city
58267	club
58267	electronic
58267	funk
58267	night
58267	repetitive
58260	beat
58260	electronic
58260	energy
58260	rap
58260	repetitive
58260	weird
675778	exciting
675778	intense
675778	passionate
675778	rhythm and blues
675778	soul
58262	agitated
58262	beat
58262	dance pop
58262	frantic
58262	hip-hop
58262	rap
58262	repetitive
58263	beat
58263	electronic
58263	funk
58263	glamour
58263	groove
58263	hopeful
58263	vintage
201151	desolation
201151	despair
201151	repetitive
201151	rock pop
201151	weird
1631	beat
1631	bizarre
1631	carefree
1631	catchy
1631	hopeful
1631	repetitive
1631	rock pop
1631	weird
64823	ballroom
64823	carefree
64823	cheerful
64823	energy
64823	fast
64823	holiday
64823	movement
64823	rock & roll
385818	groove
385818	intense
385818	intimate
385818	mellow
385818	passionate
385818	sexy
385818	smooth
385818	soft
385818	traditional blues
268158	adrenaline
268158	chaotic
268158	energy
268158	hard rock
268158	powerful
268158	strong
1067739	angry
1067739	club
1067739	confused
1067739	obsessive
1067739	rap
34848	breezy
34848	carefree
34848	catchy
34848	city
34848	hopeful
34848	rock pop
34848	travel
101239	despair
101239	intense
101239	mellow
101239	passionate
101239	rhythm and blues
101239	soft
101239	soul
101239	soulful
290380	countryside
290380	folk contemporaneo
290380	love
290380	melancholic
290380	melodic
290380	rock pop
290380	romantic
290380	slow
290380	soft
77431	chaotic
77431	energy
77431	fast
77431	hard rock
77431	movement
77431	powerful
290387	carefree
290387	catchy
290387	countryside
290387	folk contemporaneo
290387	space
290387	travel
77434	agitated
77434	fast
77434	frantic
77434	hard rock
77434	punk
77434	vintage
108684	aggressive
108684	chaotic
108684	hard rock
108684	powerful
108684	strong
1017309	acoustic
1017309	ballroom
1017309	catchy
1017309	chic
1017309	confident
1017309	love
1017309	playful
1017309	remembrance
1017309	rock & roll
98376	acoustic
98376	ballroom
98376	energy
98376	enthusiastic
98376	exciting
98376	playful
98376	remembrance
98376	rock & roll
452064	acoustic
452064	countryside
452064	lonely
452064	melancholic
452064	rock & roll
34850	city
34850	emotional
34850	night
34850	rock pop
34850	vintage
991087	groove
991087	movement
991087	night
991087	rhythm and blues
991087	vintage
991085	despair
991085	emotional
991085	intense
991085	intimate
991085	melodic
991085	passionate
991085	rhythm and blues
991085	rock blues
991085	romantic
991085	slow
991085	soft
991085	soul
1017303	acoustic
1017303	ballroom
1017303	carefree
1017303	catchy
1017303	cheerful
1017303	chic
1017303	light
1017303	movement
1017303	night
1022626	energy
1022626	fast
1022626	movement
1022626	powerful
1022626	rock pop
1017307	carefree
1017307	catchy
1017307	country rock
1017307	countryside
1017307	movement
85811	enthusiastic
85811	fast
85811	movement
85811	rock pop
85811	travel
101191	confident
101191	groove
101191	melancholic
101191	rhythm and blues
101191	slow
101191	soft
101191	suggestive
81591	anxiety
81591	new wave
81591	psychic
109424	melancholic
109424	melodic
109424	soft
109424	soft pop
109424	vintage
368911	angry
368911	beat
368911	city
368911	club
368911	hip-hop
368911	rap
368911	repetitive
62807	intense
62807	melancholic
62807	rock pop
62807	slow
62807	soft
62807	space
1078407	confident
1078407	hopeful
1078407	love
1078407	night
1078407	rock pop
1078407	romantic
1078407	slow
1078407	soft
1078407	vintage
78677	melancholic
78677	melodic
78677	rock pop
78677	romantic
78677	vintage
407668	determined
407668	energy
407668	hard rock
407668	insistent
407668	powerful
407668	psychedelic
407668	psychic
289263	atmosphere
289263	delicate
289263	emotional
289263	mellow
289263	melodic
289263	soft
289263	soft pop
807387	agitated
807387	hip-hop
807387	night
807387	obsessive
807387	r&b
807387	rap
807387	repetitive
289267	atmosphere
289267	desolation
289267	melancholic
289267	new wave
289267	rock pop
289267	suggestive
42799	mellow
42799	melodic
42799	romantic
42799	soft
42799	soft pop
42799	vintage
42798	catchy
42798	hopeful
42798	rock pop
42798	soft
42798	vintage
608206	determined
608206	hard rock
608206	intense
608206	powerful
608206	psychic
608206	rock blues
380937	aggressive
380937	angry
380937	chaotic
380937	fast
380937	hard rock
380937	noise
380937	powerful
289269	adrenaline
289269	anxiety
289269	chaotic
289269	fast
289269	hard rock
289269	repetitive
289269	rock pop
56045	holiday
56045	hopeful
56045	love
56045	rhythm and blues
56045	rock pop
56045	travel
2213	melancholic
2213	mellow
2213	powerful
2213	rock pop
2213	slow
2213	soft
2212	aggressive
2212	agitated
2212	angry
2212	chaotic
2212	frantic
2212	hard rock
2212	noise
2212	powerful
78682	city
78682	glamour
78682	rock pop
78682	travel
78682	vintage
128440	lazy
128440	lonely
128440	melancholic
128440	rock blues
128440	sexy
128440	slow
128440	smooth
128440	soft
711923	adrenaline
711923	energy
711923	fast
711923	hard rock
711923	powerful
711923	repetitive
1065971	fast
1065971	holiday
1065971	movement
1065971	rock & roll
1065971	summertime
6141	confident
6141	love
6141	melancholic
6141	melodic
6141	rock pop
6141	romantic
6141	slow
6141	soft
1065975	breezy
1065975	energy
1065975	fast
1065975	remembrance
1065975	rock & roll
1065975	rock pop
1065975	summertime
375268	ballroom
375268	catchy
375268	energy
375268	fast
375268	movement
375268	playful
375268	rhythm and blues
375268	rock & roll
1071750	electronic
1071750	fast
1071750	psychic
1071750	repetitive
1071750	vintage
6140	confident
6140	folk contemporaneo
6140	lonely
6140	love
6140	melancholic
6140	mellow
6140	melodic
6140	romantic
6140	slow
6140	soft
6140	soft pop
1022712	angry
1022712	powerful
1022712	punk
1022712	rock pop
1022712	strong
701386	beat
701386	chic
701386	city
701386	glamour
701386	hip-hop
701386	movement
701386	night
701386	r&b
701386	rap
701386	sexy
701386	smooth
645731	melancholic
645731	psychedelic
645731	psychic
645731	repetitive
645731	rock pop
645731	vintage
645731	weird
166211	acoustic
166211	bizarre
166211	lonely
166211	rock pop
166212	bizarre
166212	breezy
166212	movement
166212	rock pop
175712	carefree
175712	catchy
175712	holiday
175712	rock pop
175712	travel
615735	breezy
615735	carefree
615735	chic
615735	love
615735	melodic
615735	rock pop
615735	romantic
615735	sexy
615735	soft
193527	intense
193527	melancholic
193527	rock pop
193527	slow
193527	soft
193527	space
193527	suggestive
1078425	atmosphere
1078425	intense
1078425	melodic
1078425	rock & roll
1078425	romantic
1078425	slow
1078425	soft
1078425	soulful
193525	agitated
193525	chaotic
193525	fast
193525	punk
193525	rock pop
193525	weird
1068462	aggressive
1068462	agitated
1068462	beat
1068462	chaotic
1068462	frantic
1068462	hard rock
7935	aggressive
7935	angry
7935	chaotic
7935	noise
7935	punk
7935	vintage
75777	fast
75777	melancholic
75777	rock pop
75777	space
75777	travel
76243	countryside
76243	folk contemporaneo
76243	repetitive
76243	rock blues
76243	suggestive
76243	travel
6144	bizarre
6144	breezy
6144	bright
6144	catchy
6144	hopeful
6144	rock pop
6144	summertime
1001319	brit pop
1001319	hard rock
1001319	obsessive
1001319	psychedelic
16459	hard rock
16459	holiday
16459	travel
16459	weird
16458	aggressive
16458	agitated
16458	hard rock
16458	psychic
16458	strong
421725	adrenaline
421725	determined
421725	energy
421725	exciting
421725	fast
421725	groove
421725	rhythm and blues
421725	rock & roll
421725	rock blues
421725	strong
434017	despair
434017	intense
434017	love
434017	passionate
434017	rhythm and blues
434017	rock blues
434017	sexy
434017	soul
35895	carefree
35895	countryside
35895	folk contemporaneo
35895	hopeful
35895	remembrance
35895	rock pop
35895	travel
35895	vintage
75765	beat
75765	carefree
75765	disco 70
75765	funk
75765	light
75765	movement
75765	vintage
75760	beat
75760	city
75760	club
75760	disco 70
75760	funk
75760	funk rock
75760	night
75760	repetitive
75760	sexy
75760	vintage
75762	beat
75762	catchy
75762	disco 70
75762	funk
75762	glamour
75762	movement
75762	night
75762	vintage
673472	adrenaline
673472	energy
673472	fast
673472	new wave
673472	powerful
673472	rock pop
801198	chic
801198	funk rock
801198	night
801198	repetitive
801198	slow
801198	soft
801198	vintage
358658	carefree
358658	catchy
358658	energy
358658	enthusiastic
358658	rhythm and blues
358658	soul
1068465	chaotic
1068465	hard rock
1068465	movement
1068465	noise
1068465	powerful
1068465	punk
1068465	rock & roll
1068465	weird
953155	adrenaline
953155	agitated
953155	fast
953155	frantic
953155	punk
953155	repetitive
953155	rock pop
541812	energy
541812	exciting
541812	hard rock
541812	movement
541812	passionate
541812	powerful
541812	rock blues
541812	sexy
541812	soft
541812	strong
104100	aggressive
104100	hard rock
104100	noise
104100	powerful
1028388	bizarre
1028388	carefree
1028388	catchy
1028388	country rock
1028388	countryside
1028388	energy
1028388	fast
31145	aggressive
31145	angry
31145	energy
31145	hard rock
31145	psychic
31145	repetitive
379925	catchy
379925	city
379925	club
379925	disco 70
379925	funk
379925	rap
379925	repetitive
379925	vintage
65400	carefree
65400	catchy
65400	chic
65400	holiday
65400	hopeful
65400	rock pop
65400	soul
65400	vintage
122518	delicate
122518	love
122518	melancholic
122518	romantic
122518	slow
122518	soft
729257	country rock
729257	countryside
729257	delicate
729257	folk contemporaneo
729257	gentle
729257	melancholic
729257	romantic
729257	soft
5165	anxiety
5165	energy
5165	fast
5165	hard rock
5165	psychedelic
5165	repetitive
717944	adrenaline
717944	beat
717944	dance pop
717944	glamour
717944	movement
717944	repetitive
63557	energy
63557	fast
63557	rock pop
63557	space
63557	suggestive
5168	agitated
5168	hard rock
5168	obsessive
5168	psychedelic
5168	psychic
5168	repetitive
5169	desolation
5169	hard rock
5169	lazy
5169	psychedelic
5169	psychic
5169	vintage
58821	ballroom
58821	energy
58821	exciting
58821	fast
58821	movement
58821	rock & roll
356738	agitated
356738	confused
356738	frantic
356738	new wave
356738	rap
356738	repetitive
356738	vintage
5286	desolation
5286	hard rock
5286	psychedelic
5286	psychic
5286	strong
216810	country rock
216810	countryside
216810	energy
216810	holiday
216810	movement
216810	rock & roll
216810	summertime
993092	confident
993092	energy
993092	evocative
993092	rock pop
993092	suggestive
160553	anxiety
160553	obsessive
160553	psychedelic
160553	psychic
160553	weird
7947	adrenaline
7947	agitated
7947	energy
7947	fast
7947	hard rock
7947	powerful
7947	punk
12802	emotional
12802	love
12802	melodic
12802	rock pop
12802	romantic
12802	slow
12802	soft
160554	fast
160554	hard rock
160554	powerful
160554	psychedelic
160554	psychic
160554	repetitive
160557	exciting
160557	powerful
160557	repetitive
160557	rock blues
160557	suggestive
81944	desolation
81944	hard rock
81944	lazy
81944	melancholic
81944	psychic
81944	punk
160559	bizarre
160559	catchy
160559	confident
160559	movement
160559	playful
160559	rock blues
160559	soft
160558	anxiety
160558	repetitive
160558	rock blues
160558	soft
160558	weird
231256	brit pop
231256	love
231256	melancholic
231256	rock pop
231256	romantic
231256	soft
374873	aggressive
374873	agitated
374873	fast
374873	psychic
374873	repetitive
374873	rock pop
362964	angry
362964	beat
362964	club
362964	rap
362964	repetitive
67911	intense
67911	mellow
67911	rhythm and blues
67911	soft
67911	soul
67911	soulful
67912	bizarre
67912	groove
67912	rock pop
67912	suggestive
67912	weird
496432	agitated
496432	confused
496432	energy
496432	fast
496432	rock pop
972028	chaotic
972028	country rock
972028	energy
972028	fast
972028	rock pop
972028	weird
180878	energy
180878	evocative
180878	exciting
180878	folk contemporaneo
180878	groove
180878	hopeful
180878	rock blues
180878	space
180878	suggestive
180878	travel
748668	breezy
748668	catchy
748668	chic
748668	glamour
748668	hopeful
748668	love
748668	rock pop
748668	space
748668	travel
379573	electronic
379573	fast
379573	new wave
379573	repetitive
379573	rock pop
379573	vintage
356742	aggressive
356742	angry
356742	rap
356741	anxiety
356741	confused
356741	noise
356741	obsessive
356741	psychedelic
356741	psychic
356741	repetitive
209376	determined
209376	energy
209376	groove
209376	repetitive
209376	rhythm and blues
209376	rock blues
953152	adrenaline
953152	agitated
953152	anxiety
953152	frantic
953152	punk
356745	aggressive
356745	agitated
356745	angry
356745	beat
356745	fast
356745	hip-hop
356745	rap
63894	adrenaline
63894	energy
63894	hard rock
63894	powerful
63894	travel
74329	confident
74329	melancholic
74329	rock pop
74329	romantic
74329	slow
74329	soft
